Filename,Roeroe,Tetvir,FreqM,FreqP,FreqC,Tstart,Tend,NbCris,DurMed,Dur90,Ampm50,Ampm90,AmpSMd,DiffME,SR,Order,Ind,SpMaxF2,Version
SR2_20170505_200807_000.wav,0.028,0.088,52,43.5,42,0,1.4,22,4,9,38.8,169.3,14,25.6,192000,N1,0.5,Pippip,5
SR2_20170511_221706_000.wav,0.084,0.054,57,46.5,45,0,1.7,26,5,8,48.3,89.1,12,24.7,192000,N1,0.79,Pippip,5
SR2_20170512_011846_000.wav,0.01,0.014,57,54,53.2,0,2.5,38,7,16,55.4,218.3,15,41.8,192000,N1,0.892,Pippyg,5
SR2_20170514_032419_000.wav,0.062,0.062,52,47.2,47.2,0,1.4,15,5,12,35.1,149.2,11,19.7,192000,N1,0.872,Pippip,5
SR2_20170516_033323_000.wav,0.026,0.016,70,51.8,48.8,0,0.5,15,2,3,82.6,132.5,17,59.7,192000,N1,0.706,Pippip,5
SR2_20170517_015930_000.wav,0.02,0.046,52,49.5,47.2,0,1.3,17,6,14,28.3,175.9,8,17.1,192000,N1,0.834,Pippip,5
SR2_20170517_220825_000.wav,0.046,0.048,53,47.2,45.8,0,2.1,26,5,11,48.9,113.8,16,32.7,192000,N1,0.858,Pippip,5
SR2_20170526_015745_000.wav,0.054,0.044,69,49.5,46.9,0,1.6,21,4,8,50.6,148.1,14,24.3,192000,N1,0.904,Pippip,5
SR2_20170526_030110_000.wav,0.046,0.076,56,51.4,46.5,0,2.1,34,4,16,61.7,144.7,24,52.9,192000,N1,0.792,Pippip,5
SR2_20170526_204758_000.wav,0.03,0.052,54,51.8,51.8,0,0.8,13,3,6,26.4,197.3,10,15.7,192000,N1,0.786,Pippip,5
SR2_20170527_011808_000.wav,0.024,0.03,75,78.4,79.1,0,0.6,13,1,4,56.4,102.4,16,20.9,192000,N1,0.378,noise,5
SR2_20170528_020903_000.wav,0.012,0.014,58,51,49.5,0,1.2,14,4,7,53.3,111.9,14,20.3,192000,N1,0.876,Pippip,5
SR2_20170528_235050_000.wav,0.016,0.028,70,68.2,68.2,0,0.9,20,3,6,123.6,234,34,79.7,192000,N1,0.696,Pippyg,5
SR2_20170529_233053_000.wav,0.02,0.046,59,57.8,57,0,1.3,10,5,7,29,167.1,11,10.5,192000,N1,0.91,Pippyg,5
SR2_20170530_001905_000.wav,0.046,0.054,52,48.8,46.5,0,1.2,24,5,10,58.8,121.9,16,45.4,192000,N1,0.854,Pippip,5
SR2_20170530_003515_000.wav,0.012,0.034,44,43.1,42.8,0,2.3,14,9,19,53.4,119.3,14,40.4,192000,N1,0.616,Pippip,5
SR2_20170530_012046_000.wav,0.02,0.022,50,45.8,45,0,1.4,12,7,13,38,99.5,11,23.4,192000,N1,0.85,Pippip,5
SR2_20170530_013805_000.wav,0.054,0.074,50,45.8,44.2,0,3.1,58,7,18,55.3,218.8,16,41.7,192000,N1,0.798,Pippip,5
SR2_20170602_204446_000.wav,0.042,0.038,56,50.2,49.5,0,1.1,16,6,16,110.2,183.1,35,101.7,192000,N1,0.842,Pippip,5
SR2_20170602_205108_000.wav,0.03,0.04,63,61.5,60.8,0,1,11,2,8,32.4,123.9,10,22.3,192000,N1,0.756,Pippyg,5
SR2_20170602_205452_000.wav,0.018,0.042,56,51,49.5,0,1.3,20,8,14,96.2,191.7,35,86,192000,N1,0.776,Pippip,5
SR2_20170603_001738_000.wav,0.018,0.03,46,45,44.2,0,3.1,16,8,20,51.2,100.3,13,32.4,192000,N1,0.836,Pippip,5
SR2_20170603_002424_000.wav,0.036,0.04,38,31.5,24.8,0,1.7,13,11,29,56.5,124.3,19,47,192000,N1,0.35,Nycnoc,5
SR2_20170603_002544_000.wav,0.006,0.016,51,51.8,51.8,0,1.3,6,6,14,37.4,103.2,10,29.5,192000,N1,0.688,Pippyg,5
SR2_20170603_024630_000.wav,0.026,0.088,52,51,50.2,0,1.1,14,2,8,27.8,70,10,19.4,192000,N1,0.804,Pippip,5
SR2_20170605_210847_000.wav,0.072,0.074,54,51,49.5,0,1.8,40,3,10,24.3,89.5,8,16.5,192000,N1,0.89,Pippip,5
SR2_20170605_211151_000.wav,0.03,0.026,52,49.5,48.8,0,1,12,6,8,31.2,78.2,11,24.7,192000,N1,0.764,Pippip,5
SR2_20170605_223509_000.wav,0.026,0.05,51,43.5,42.8,0,2.8,45,7,17,72.5,201.1,20,50.9,192000,N1,0.688,Pippip,5
SR2_20170606_010757_000.wav,0.046,0.042,60,57,56.2,0,2.2,24,5,14,46.9,212,17,35.6,192000,N1,0.872,Pippyg,5
SR2_20170606_030329_000.wav,0.032,0.066,54,48.8,45.8,0,2.6,25,6,19,62.6,138.7,14,52.7,192000,N1,0.908,Pippip,5
SR2_20170606_030511_000.wav,0.026,0.062,53,48.8,46.9,0,1.6,19,3,10,32,112.4,9,22.7,192000,N1,0.87,Pippip,5
SR2_20170607_210343_000.wav,0.012,0.02,52,50.2,48.8,0,1.2,19,3,7,30.2,76.1,13,16.8,192000,N1,0.874,Pippip,5
SR2_20170607_210542_000.wav,0.02,0.038,52,50.2,48.8,0,1,15,3,6,18.6,80.7,6,13.2,192000,N1,0.834,Pippip,5
SR2_20170607_211358_000.wav,0.04,0.03,55,51,49.1,0,0.6,12,2,4,54.3,168.1,18,26.9,192000,N1,0.786,Pippip,5
SR2_20170608_022642_000.wav,0.078,0.032,54,51,48.8,0,1.3,13,4,12,42.4,103.5,15,31.2,192000,N1,0.748,Pippip,5
SR2_20170608_024829_000.wav,0.022,0.04,51,46.5,45.8,0,2.4,33,5,18,32.3,104.8,10,22.9,192000,N1,0.89,Pippip,5
SR2_20170608_025135_000.wav,0.054,0.038,43,46.5,35.2,0,1.3,17,3,5,52.2,142.4,20,30.5,192000,N1,0.562,Pleaur,5
SR2_20170609_211618_000.wav,0.022,0.024,55,50.2,49.5,0,0.8,11,4,9,69.2,106.1,26,54.5,192000,N1,0.738,Pippip,5
SR2_20170609_224518_000.wav,0.008,0.008,50,50.2,50.2,0,1.2,12,7,13,34.2,79.2,8,10.9,192000,N1,0.702,Pippyg,5
SR2_20170610_013657_000.wav,0.014,0.016,44,43.5,42.8,0,2.2,11,7,16,29.1,76.1,10,13.3,192000,N1,0.63,Pippip,5
SR2_20170612_213928_000.wav,0.012,0.02,54,51.8,49.5,0,1.9,29,5,9,39.8,156.6,12,25.3,192000,N1,0.896,Pippip,5
SR2_20170612_213933_000.wav,0.026,0.026,66,53.2,52.5,0,1.4,29,3,4,62,311.6,20,35.9,192000,N1,0.682,Pippip,5
SR2_20170615_022127_000.wav,0.02,0.034,54,51,47.2,0,1.2,16,5,14,34.8,225.6,13,23.9,192000,N1,0.866,Pippip,5
SR2_20170615_022203_000.wav,0.036,0.06,54,50.6,48.8,0,1.8,40,3,11,57.6,104.6,18,46.2,192000,N1,0.862,Pippip,5
SR2_20170928_175755_000.wav,0.03,0.076,21,20.2,19.9,0,4.1,26,6,46,17.7,63,7,8.2,192000,N1,0.718,Nycnoc,5
SR2_20170928_175802_000.wav,0.018,0.066,18,18,18,0,0.3,8,7,37,17.1,57.4,5,6.6,192000,N1,0.506,Nycnoc,5
SR2_20170928_182928_000.wav,0.02,0.08,24,22.5,21,0,4.9,33,11,58,45.8,159.3,13,32.6,192000,N1,0.78,Nycnoc,5
SR2_20170928_182933_000.wav,0.032,0.008,26,24.8,23.2,0,0.1,1,10,10,38.2,38.2,15,27.2,192000,N1,0.254,Nycnoc,5
SR2_20170928_182937_000.wav,0.042,0.066,23,20.2,19.5,0,1.4,8,10,36,23.9,60.5,9,15,192000,N1,0.492,Nycnoc,5
SR2_20170928_184953_000.wav,0.01,0.018,58,58.5,58.5,0,2.8,32,6,19,50.9,104.1,10,36.3,192000,N1,0.882,Pippyg,5
SR2_20170928_190710_000.wav,0.006,0.018,52,51.8,51.8,0,3.5,35,7,21,54.4,137.3,16,39.4,192000,N1,0.694,Pippyg,5
SR2_20170928_195312_000.wav,0.024,0.024,40,37.5,35.2,0,0.8,15,7,20,31.2,68,10,20.5,192000,N1,0.534,Pippip,5
SR2_20170928_205420_000.wav,0.018,0.038,38,37.5,37.5,0,4.5,35,9,34,51.5,161.4,12,35.6,192000,N1,0.67,Pipnat,5
SR2_20170928_212553_000.wav,0.032,0.034,47,44.2,45.8,0,2.4,14,4,23,93.6,142.8,32,74.2,192000,N1,0.51,Myodau,5
SR2_20170928_215527_000.wav,0.04,0.042,47,43.5,45,0,1.4,11,4,14,53.2,91.3,16,36.3,192000,N1,0.402,Myodau,5
SR2_20170928_230117_000.wav,0.05,0.052,55,51,48.8,0,1.8,11,5,16,45.9,95,15,38.3,192000,N1,0.85,Pippip,5
SR2_20170929_005230_000.wav,0.018,0.03,47,46.5,45,0,3.7,47,7,32,61.3,186.1,16,49.1,192000,N1,0.888,Pippip,5
SR2_20170929_010639_000.wav,0.022,0.04,47,45.8,45,0,2.1,14,6,32,41.2,125.1,8,26.1,192000,N1,0.878,Pippip,5
SR2_20170929_012201_000.wav,0.034,0.05,48,42,37.5,0,2.8,19,5,19,93.3,136.1,28,68.9,192000,N1,0.486,Myodau,5
SR2_20170929_044316_000.wav,0.038,0.048,53,47.2,46.5,0,3.3,59,6,23,79.7,273.4,21,65.3,192000,N1,0.85,Pippip,5
SR2_20170929_172319_000.wav,0.026,0.04,18,17.2,17.2,0,0.9,5,4,43,15.8,58.7,7,2.9,192000,N1,0.46,Nycnoc,5
SR2_20170929_172323_000.wav,0.014,0.274,17,17.2,17.2,0,0.8,6,16,61,21.2,69.4,6,11.9,192000,N1,0.644,Nycnoc,5
SR2_20170929_180500_000.wav,0.03,0.048,18,17.2,17.2,0,0.5,9,7,19,17.9,30.4,5,14.8,192000,N1,0.382,Nycnoc,5
SR2_20170929_184808_000.wav,0.004,0.058,18,18,17.6,0,1.2,8,4,66,19.1,69.3,7,3.6,192000,N1,0.546,Nycnoc,5
SR2_20170929_194714_000.wav,0.006,0.03,57,57,56.2,0,1.4,16,7,13,22.6,65.7,6,7.7,192000,N1,0.774,Pippyg,5
SR2_20170929_195754_000.wav,0.006,0.032,45,45,45,0,4.7,51,9,36,89.3,173.9,23,70.2,192000,N1,0.86,Pippip,5
SR2_20170929_200434_000.wav,0.006,0.01,46,45.8,44.2,0,1,5,6,18,20.1,60.5,6,12.5,192000,N1,0.804,Pippip,5
SR2_20170929_203510_000.wav,0.008,0.018,48,47.2,47.2,0,4.6,54,7,25,49.8,120.4,15,35.5,192000,N1,0.88,Pippip,5
SR2_20170929_205555_000.wav,0.014,0.03,52,52.5,52.5,0,4.2,27,8,24,44.1,102.5,12,29.1,192000,N1,0.864,Pippyg,5
SR2_20170929_212306_000.wav,0.006,0.028,48,47.2,46.5,0,3.8,21,9,33,81.5,147,16,67.3,192000,N1,0.846,Pippip,5
SR2_20170929_215223_000.wav,0.078,0.04,44,47.2,42,0,2.4,50,2,9,113,221.1,38,89.5,192000,N1,0.676,Pleaur,5
SR2_20170929_215536_000.wav,0.014,0.014,50,48,47.2,0,1.2,7,5,12,21.6,64.6,6,8.5,192000,N1,0.862,Pippip,5
SR2_20170929_215540_000.wav,0.018,0.02,53,48,48,0,1.6,12,6,17,42,89.3,10,34.3,192000,N1,0.852,Pippip,5
SR2_20170929_220509_000.wav,0.014,0.056,52,47.2,46.5,0,3.1,29,6,28,72.7,163,21,61.4,192000,N1,0.894,Pippip,5
SR2_20170929_222502_000.wav,0.014,0.012,45,45.8,45.4,0,3.9,37,9,18,41.9,117,14,30.1,192000,N1,0.8,Pippip,5
SR2_20170929_223900_000.wav,0.008,0.024,51,48,46.5,0,3.4,46,8,31,90,232.8,28,74.3,192000,N1,0.908,Pippip,5
SR2_20170929_234022_000.wav,0.09,0.046,37,36,36,0,1.4,11,3,16,65.3,117.7,25,48.3,192000,N1,0.648,Pleaur,5
SR2_20170930_011132_000.wav,0.008,0.02,44,43.5,42.8,0,4,33,7,34,44.2,169.1,14,31.9,192000,N1,0.764,Pippip,5
SR2_20170930_011452_000.wav,0.056,0.034,50,45.8,48,0,2.4,34,4,22,113.8,213.9,45,93.8,192000,N1,0.53,Myodau,5
SR2_20170930_180505_000.wav,0.006,0.038,44,43.5,42.8,0,4.9,37,20,39,80.3,172.1,26,68.9,192000,N1,0.742,Pippip,5
SR2_20170930_180510_000.wav,0.02,0.042,42,42,42,0,0.7,6,6,9,17.5,21.4,5,8,192000,N1,0.38,Pippip,5
SR2_20170930_181933_000.wav,0.02,0.034,44,42.8,42.8,0,1.9,24,8,21,34,68.8,9,22.7,192000,N1,0.59,Pippip,5
SR2_20170930_182522_000.wav,0.074,0.082,46,46.5,45.4,0,2.2,43,6,24,36.6,58.7,11,25.5,192000,N1,0.866,Pippip,5
SR2_20170930_184838_000.wav,0.076,0.106,37,35.2,28.5,0,2.8,34,6,23,97.3,148.3,31,79.5,192000,N1,0.69,Pleaur,5
SR2_20170930_184851_000.wav,0.018,0.05,46,45,45,0,5,33,8,35,65.5,134.4,18,53.1,192000,N1,0.846,Pippip,5
SR2_20170930_184856_000.wav,0.014,0.032,51,48.8,47.2,0.1,0.6,12,6,7,18.6,28.5,7,10.7,192000,N1,0.824,Pippip,5
SR2_20170930_194909_000.wav,0.012,0.028,48,46.5,46.5,0,1.5,16,6,19,18.8,66.8,6,12.6,192000,N1,0.77,Pippip,5
SR2_20170930_222136_000.wav,0.06,0.058,51,50.2,48.8,0,2,44,3,15,196.8,448.8,76,171.1,192000,N1,0.634,Myonat,5
SR2_20170930_232816_000.wav,0.032,0.086,46,42.4,42.8,0,4.9,74,6,29,37.7,108.2,13,25.2,192000,N1,0.866,Pippip,5
SR2_20171001_010632_000.wav,0.012,0.05,41,42,42,0,3.7,29,10,38,64.6,145.1,15,48,192000,N1,0.588,Pippip,5
SR2_20171001_021147_000.wav,0.102,0.128,36,35.2,26.2,0,4.3,225,2,11,24.2,45,10,20.5,192000,N1,0.572,Plaalb,5
SR2_20171001_023719_000.wav,0.028,0.036,48,46.5,46.5,0,2.8,25,7,23,35.5,87,9,22.6,192000,N1,0.852,Pippip,5
SR2_20171001_025452_000.wav,0.01,0.024,49,45.8,45.8,0,3.1,17,9,30,58.5,164.7,19,45.1,192000,N1,0.886,Pippip,5
SR2_20171001_030232_000.wav,0.072,0.14,45,44.2,44.2,0,3.2,75,6,21,75.4,260.8,30,63.5,192000,N1,0.468,Myodau,5
SR2_20171001_031844_000.wav,0.058,0.112,38,36.8,35.2,0,1.8,74,3,22,26.7,60.6,11,20.6,192000,N1,0.434,Plaalb,5
SR2_20171001_033521_000.wav,0.12,0.134,41,38.2,37.9,0,1.1,30,3,27,30.3,64.6,10,27.3,192000,N1,0.384,noise,5
SR2_20171001_033750_000.wav,0.076,0.084,40,38.2,36,0,1.2,36,3,37,26.7,82.7,10,19,192000,N1,0.428,noise,5
SR2_20171001_033842_000.wav,0.08,0.198,36,37.5,27.8,0,2,81,3,29,22.1,66.5,9,15.6,192000,N1,0.55,Plaalb,5
SR2_20171001_033845_000.wav,0.084,0.098,37,38.2,27.8,0,1.9,45,4,31,20.1,53.1,7,14.2,192000,N1,0.516,Plaalb,5
SR2_20171001_034741_000.wav,0.104,0.172,36,37.5,36.8,0,2,67,3,25,19.8,52.5,7,12.6,192000,N1,0.43,noise,5
SR2_20171001_034942_000.wav,0.052,0.042,39,36,35.2,0,1,13,5,24,81.5,165.4,21,66.6,192000,N1,0.51,Pleaur,5
SR2_20171001_035342_000.wav,0.092,0.164,37,38.2,35.2,0,1.7,76,3,25,23.7,62.4,9,17.6,192000,N1,0.568,noise,5
SR2_20171001_035426_000.wav,0.086,0.178,36,37.5,36.8,0,1.6,66,3,25,22.7,56.9,9,17.3,192000,N1,0.428,Plaalb,5
SR2_20171001_041009_000.wav,0.07,0.138,39,39,39,0,1.4,77,3,17,30.8,94.4,12,25.6,192000,N1,0.406,noise,5
SR2_20171001_041115_000.wav,0.158,0.13,39,42,39.8,0,1.3,47,2,27,34.6,96,12,28.6,192000,N1,0.436,Plaalb,5
SR2_20171001_041133_000.wav,0.088,0.186,39,37.5,36.8,0,2,113,2,9,46.5,183.1,17,39.7,192000,N1,0.444,noise,5
SR2_20171001_041158_000.wav,0.104,0.138,41,40.5,37.5,0,1.1,41,2,33,38.4,111.1,13,31.7,192000,N1,0.47,noise,5
SR2_20171001_041202_000.wav,0.06,0.15,40,37.5,37.5,0,1.2,65,2,19,56.6,166.3,20,49,192000,N1,0.468,Plaalb,5
SR2_20171001_041220_000.wav,0.062,0.18,40,36.8,37.5,0,2.6,94,2,27,57.4,155.5,19,49.5,192000,N1,0.402,Plaalb,5
SR2_20171001_041328_000.wav,0.048,0.154,38,36.8,36,0,1.2,14,2,14,44.5,98.5,16,35.1,192000,N1,0.596,noise,5
SR2_20171001_042550_000.wav,0.064,0.158,26,26.2,26.2,0,2.3,101,3,32,32.9,74.4,12,28.3,192000,N1,0.57,Plaalb,5
SR2_20171001_043123_000.wav,0.128,0.146,36,37.5,36.8,0,1.1,63,2,23,32.2,70.8,13,26.2,192000,N1,0.57,Plaalb,5
SR2_20171001_043141_000.wav,0.096,0.142,33,36,35.2,0,1.1,60,2,26,31.9,61.1,13,26.5,192000,N1,0.572,Plaalb,5
SR2_20171001_052750_000.wav,0.026,0.028,46,45.8,45,0,2.1,31,7,22,35.2,73.3,10,22.3,192000,N1,0.848,Pippip,5
SR2_20171001_052759_000.wav,0.046,0.124,47,45,44.2,0,4.4,87,8,33,68.5,275.2,19,51.6,192000,N1,0.876,Pippip,5
SR2_20171001_175701_000.wav,0.074,0.084,45,45.8,45.8,0,1.7,36,7,23,64.7,110,14,53.1,192000,N1,0.826,Pippip,5
SR2_20171001_180616_000.wav,0.052,0.076,52,52.5,52.5,0,3.1,50,8,26,66.2,133,19,49.3,192000,N1,0.852,Pippyg,5
SR2_20171001_181435_000.wav,0.04,0.14,44,46.5,46.5,0,2.7,46,5,24,27.7,119.1,12,20,192000,N1,0.758,Pippip,5
SR2_20171001_194902_000.wav,0.048,0.074,34,34.1,33.8,0,1.1,12,5,20,34,106.3,13,22.8,192000,N1,0.492,Barbar,5
SR2_20171001_232337_000.wav,0.052,0.13,47,45.8,45.8,0,4.2,95,4,22,33.3,114.8,13,24.4,192000,N1,0.94,Pippip,5
SR2_20171001_233604_000.wav,0.138,0.156,36,39,28.1,0,1.8,135,1,8,28.8,61.9,11,22.1,192000,N1,0.75,Plaalb,5
SR2_20171002_000204_000.wav,0.044,0.042,38,36.8,37.5,0.1,3,31,5,21,71.2,120.1,25,47.9,192000,N1,0.67,Barbar,5
SR2_20171002_000210_000.wav,0.036,0.05,34,34.5,34.5,0,1.4,9,4,26,28.8,91.8,9,16.4,192000,N1,0.584,Barbar,5
SR2_20171002_000217_000.wav,0.064,0.024,34,35.2,35.2,0,2.6,31,4,23,38.7,74.3,12,28.7,192000,N1,0.616,Barbar,5
SR2_20171002_044432_000.wav,0.034,0.036,53,50.2,25.5,0,2.2,31,5,8,27.5,78.5,8,15.7,192000,N1,0.91,Pippyg,5
SR2_20171002_044704_000.wav,0.082,0.072,34,35.2,35.2,0,2,45,3,15,31.6,97.2,11,20,192000,N1,0.666,Barbar,5
SR2_20171002_050606_000.wav,0.008,0.01,52,49.5,48,0,1.1,7,8,26,90,142.4,34,75.8,192000,N1,0.722,Pippip,5
SR2_20171002_052657_000.wav,0.016,0.02,53,47.2,45.8,0,1.3,15,7,31,90.7,175.5,22,74.3,192000,N1,0.872,Pippip,5
SR2_20171002_053252_000.wav,0.006,0.024,54,54,53.2,0,2.8,25,8,19,43.4,124.1,12,26,192000,N1,0.818,Pippyg,5
SR2_20171002_180633_000.wav,0.058,0.094,49,48,48,0,2.5,40,6,25,61.2,121.5,18,41.1,192000,N1,0.818,Pippip,5
SR2_20171002_184558_000.wav,0.164,0.054,34,35.2,35.2,0,1.6,15,4,13,30,67.7,9,24.5,192000,N1,0.738,Barbar,5
SR2_20171002_190642_000.wav,0.162,0.076,45,42,43.5,0,2.6,53,5,13,64.2,104.3,21,44.7,192000,N1,0.504,Myodau,5
SR2_20171002_203141_000.wav,0.038,0.062,44,38.2,37.5,0,3.1,61,3,15,131.1,244.2,45,103.3,192000,N1,0.63,Pleaur,5
SR2_20171002_230307_000.wav,0.044,0.09,35,35.2,35.2,0,3,23,4,24,41.8,134.4,14,33.6,192000,N1,0.73,Barbar,5
SR2_20171002_230315_000.wav,0.036,0.108,35,35.2,35.2,0,2,36,4,18,37.1,93.4,14,24.3,192000,N1,0.722,Barbar,5
SR2_20171002_234025_000.wav,0.012,0.056,39,39,39,0,1.4,8,9,26,32.3,82.6,8,16.9,192000,N1,0.682,Pipnat,5
SR2_20171003_050027_000.wav,0.024,0.062,51,48,47.2,0,3.8,59,5,25,48.4,103,15,35.7,192000,N1,0.944,Pippip,5
SR2_20171003_061633_000.wav,0.022,0.116,32,31.5,31.5,0,0.4,16,8,49,12.9,31.9,5,7.7,192000,N1,0.358,Aposyl,5
SR2_20171003_175603_000.wav,0.008,0.028,43,42.8,42.8,0,1.8,12,9,32,37.8,69.9,10,24.8,192000,N1,0.55,Pippip,5
SR2_20171003_180654_000.wav,0.016,0.026,46,45,45,0,1,8,7,24,14.8,48.4,5,8.6,192000,N1,0.802,Pippip,5
SR2_20171003_180700_000.wav,0.022,0.04,46,45,44.2,0,2.9,31,8,36,63.1,165.5,15,51.7,192000,N1,0.924,Pippip,5
SR2_20171003_184841_000.wav,0.024,0.018,51,47.2,45.8,0,2.8,25,6,28,64,125.6,20,52.1,192000,N1,0.914,Pippip,5
SR2_20171003_190334_000.wav,0.008,0.012,44,44.2,43.1,0,1.6,14,8,30,46,91.8,13,34.4,192000,N1,0.706,Pippip,5
SR2_20171003_191941_000.wav,0.018,0.026,50,46.5,45.8,0,2.9,38,7,34,94.1,183.7,21,76,192000,N1,0.91,Pippip,5
SR2_20171003_204401_000.wav,0.036,0.066,32,32.2,29.2,0,0.2,13,8,24,19.1,71.7,5,9.4,192000,N1,0.302,Aposyl,5
SR2_20171003_230330_000.wav,0.016,0.024,47,46.5,46.1,0,3.8,23,8,40,55.6,180.1,19,45.3,192000,N1,0.848,Pippip,5
SR2_20171003_232905_000.wav,0.032,0.04,51,48,46.5,0,3.1,28,6,24,51.9,109.4,15,42.1,192000,N1,0.89,Pippip,5
SR2_20171003_234119_000.wav,0.07,0.042,42,39,39,0,2.7,36,5,17,96,219.6,34,75.8,192000,N1,0.702,Pleaur,5
SR2_20171004_024114_000.wav,0.114,0.088,41,38.6,34.9,0,2.3,42,3,15,113.7,184.4,43,86.9,192000,N1,0.644,Pleaur,5
SR2_20171004_024950_000.wav,0.01,0.028,49,45.8,45,0,5,29,7,26,70.6,106.8,17,59.9,192000,N1,0.866,Pippip,5
SR2_20171004_024955_000.wav,0.018,0.052,46,44.2,44.2,0,1,14,4,15,14.1,67.3,6,4.5,192000,N1,0.768,Pippip,5
SR2_20171004_040902_000.wav,0.032,0.026,51,48,46.9,0,1.1,8,6,29,37.7,69.8,11,32.5,192000,N1,0.794,Pippip,5
SR2_20171004_041633_000.wav,0.094,0.074,57,50.2,53.2,0,2.5,54,2,6,321.9,860.6,150,263.7,192000,N1,0.666,Myonat,5
SR2_20171004_052241_000.wav,0.028,0.026,49,46.5,45,0,3.2,28,8,28,69.3,157.6,16,53.6,192000,N1,0.888,Pippip,5
SR2_20171004_175106_000.wav,0.02,0.028,50,47.2,45.8,0,2.3,58,6,23,65.2,116.8,18,47.4,192000,N1,0.872,Pippip,5
SR2_20171004_175643_000.wav,0.046,0.064,50,48.8,48,0,1.1,26,4,12,25.4,61.2,8,9.6,192000,N1,0.754,Pippip,5
SR2_20171004_175647_000.wav,0.068,0.074,53,48.8,48,0,1.6,35,5,24,52,105.8,15,40.7,192000,N1,0.88,Pippip,5
SR2_20171004_185243_000.wav,0.076,0.044,36,35.2,34.5,0,2.2,15,4,9,50.9,81.9,12,37.6,192000,N1,0.582,Pleaur,5
SR2_20171004_202339_000.wav,0.052,0.056,50,45,46.1,0,4.3,52,6,23,104.9,375.2,34,85.3,192000,N1,0.638,Myodau,5
SR2_20171004_211009_000.wav,0.056,0.058,51,47.2,46.5,0,3.3,39,4,15,42.7,80.3,13,31.3,192000,N1,0.908,Pippip,5
SR2_20171004_211203_000.wav,0.012,0.012,53,47.2,46.5,0,2.1,38,6,23,115.7,185,32,86.8,192000,N1,0.85,Pippip,5
SR2_20171004_211213_000.wav,0.016,0.05,57,48,45.8,0,5,61,8,31,145.7,301.6,42,127.5,192000,N1,0.908,Pippip,5
SR2_20171004_211218_000.wav,0.024,0.07,55,48.8,46.5,0,5,128,5,32,135.6,381.8,49,120,192000,N1,0.904,Pippip,5
SR2_20171004_211223_000.wav,0.01,0.016,50,46.5,45,0,1.4,14,6,27,67.4,131.6,21,50.3,192000,N1,0.904,Pippip,5
SR2_20171004_211242_000.wav,0.038,0.104,54,47.2,46.5,0,5,62,7,29,129.3,310.4,39,116.1,192000,N1,0.924,Pippip,5
SR2_20171004_211247_000.wav,0.028,0.028,51,45.8,45.8,0,0.6,11,3,13,27,46.1,10,19.3,192000,N1,0.586,Pippip,5
SR2_20171004_211253_000.wav,0.058,0.058,52,49.5,45.8,0,3.6,37,6,24,56.2,155.9,21,43.4,192000,N1,0.838,Pippip,5
SR2_20171004_211259_000.wav,0.022,0.07,55,47.2,45.8,0,5,104,7,33,119.9,318.3,42,104.5,192000,N1,0.912,Pippip,5
SR2_20171004_211304_000.wav,0.056,0.06,49,47.2,46.1,0,1.4,18,5,15,24.1,69.9,8,9.5,192000,N1,0.832,Pippip,5
SR2_20171004_211358_000.wav,0.016,0.072,48,46.5,46.5,0,2.8,28,5,18,40.2,100,12,29.1,192000,N1,0.882,Pippip,5
SR2_20171004_213247_000.wav,0.028,0.094,48,46.5,45.8,0,1.9,27,5,18,40.8,83.1,12,27.5,192000,N1,0.898,Pippip,5
SR2_20171004_213254_000.wav,0.026,0.06,50,47.2,45.8,0,2,38,5,19,61.7,99.8,17,51.6,192000,N1,0.906,Pippip,5
SR2_20171004_213305_000.wav,0.018,0.028,52,46.5,45.8,0,4.5,43,7,29,79.3,200.3,23,66.8,192000,N1,0.926,Pippip,5
SR2_20171005_014022_000.wav,0.014,0.042,47,45,44.2,0,1.8,14,9,25,30.2,93.3,11,24.3,192000,N1,0.878,Pippip,5
SR2_20171005_021552_000.wav,0.018,0.042,48,45,45,0,3.5,37,7,22,51.8,99.7,13,40.3,192000,N1,0.9,Pippip,5
SR2_20171005_175506_000.wav,0.012,0.034,42,42.8,42.8,0,4.1,41,10,39,51.8,153.1,16,38.6,192000,N1,0.6,Pippip,5
SR2_20171005_180705_000.wav,0.022,0.102,48,47.2,47.2,0,0.6,7,4,16,20,51.2,7,8.2,192000,N1,0.814,Pippip,5
SR2_20171005_180708_000.wav,0.016,0.042,52,47.2,46.5,0,2.8,37,9,43,142.4,407.1,35,128.4,192000,N1,0.912,Pippip,5
SR2_20171005_185855_000.wav,0.07,0.038,50,49.5,46.5,0,3.4,47,4,15,78.9,163.4,27,64.1,192000,N1,0.534,Myodau,5
SR2_20171005_200022_000.wav,0.016,0.028,49,45.8,45,0,4.3,40,11,48,61.8,216.3,22,51,192000,N1,0.918,Pippip,5
SR2_20171005_201527_000.wav,0.014,0.066,51,48.8,47.2,0,1.9,14,6,32,34.6,68.4,11,26.5,192000,N1,0.876,Pippip,5
SR2_20171005_205516_000.wav,0.056,0.112,35,34.5,25.5,0,2.7,24,5,18,50.8,89.9,13,35.6,192000,N1,0.644,Pleaur,5
SR2_20171005_210919_000.wav,0.048,0.046,54,49.5,48,0,4.2,36,7,30,90.1,219,34,76.3,192000,N1,0.934,Pippip,5
SR2_20171005_212916_000.wav,0.014,0.052,47,46.5,46.5,0,3.2,27,9,36,49.4,110.5,11,35.5,192000,N1,0.848,Pippip,5
SR2_20171005_212922_000.wav,0.018,0.014,47,46.5,46.5,0,1.3,7,7,23,30.1,82.6,10,22,192000,N1,0.78,Pippip,5
SR2_20171005_213858_000.wav,0.018,0.016,52,48,45.8,0,3.2,31,7,44,94.9,382.6,34,79.3,192000,N1,0.882,Pippip,5
SR2_20171005_221230_000.wav,0.022,0.06,59,56.2,56.2,0,3.8,47,7,40,84.8,276.9,25,71.8,192000,N1,0.934,Pippyg,5
SR2_20171006_011958_000.wav,0,0.008,45,43.5,43.5,0,0.9,2,7,14,31.3,79.8,8,13.5,192000,N1,0.552,Pippip,5
SR2_20171006_012240_000.wav,0.016,0.054,55,52.5,48.8,0,4.1,76,8,40,60.7,185.7,14,45.4,192000,N1,0.89,Pippip,5
SR2_20171006_015228_000.wav,0.014,0.046,50,48,47.2,0,2.2,19,7,22,45,87.5,15,38.7,192000,N1,0.816,Pippip,5
SR2_20171006_015600_000.wav,0.006,0.038,46,45.8,44.6,0,3.1,24,9,52,64.6,156.4,22,52,192000,N1,0.862,Pippip,5
SR2_20171006_022630_000.wav,0.014,0.044,63,54.8,54.8,0,4,39,7,36,115.4,217.5,27,95.8,192000,N1,0.902,Pippyg,5
SR2_20171006_023359_000.wav,0.082,0.082,34,35.2,25.9,0,3.1,37,7,23,66,156.7,17,54.8,192000,N1,0.68,Pleaur,5
SR2_20171006_025953_000.wav,0.006,0.018,51,47.2,46.5,0,1.1,10,7,43,46.4,85.5,13,35.5,192000,N1,0.89,Pippip,5
SR2_20171006_031248_000.wav,0.008,0.032,55,54,53.2,0,3,26,7,28,59.4,143.5,13,45.4,192000,N1,0.896,Pippyg,5
SR2_20171006_032430_000.wav,0.006,0.012,52,46.5,45.8,0,1.5,12,31,49,77.3,107.7,29,63.6,192000,N1,0.89,Pippip,5
SR2_20171006_052522_000.wav,0.02,0.05,55,49.5,48.4,0,3.4,47,5,26,76.3,145.4,25,62.8,192000,N1,0.914,Pippip,5
SR2_20171006_180611_000.wav,0.05,0.042,39,36.8,36,0,2.9,23,4,20,68.2,134.6,22,51.1,192000,N1,0.702,Pleaur,5
SR2_20171006_194121_000.wav,0.064,0.128,32,29.2,18,0,2.5,22,8,29,81.2,117.2,18,68.4,192000,N1,0.62,Pleaur,5
SR2_20171007_005309_000.wav,0.112,0.116,39,38.6,27,0,2.3,26,6,30,137.3,224.3,41,108.6,192000,N1,0.664,Pleaur,5
SR2_20171007_005314_000.wav,0.1,0.068,38,36,34.9,0,3.6,42,5,22,91.9,243.9,32,71.4,192000,N1,0.678,Pleaur,5
SR2_20171007_024322_000.wav,0.006,0.074,46,45,43.5,0,3,15,9,42,49.8,83.3,15,39.5,192000,N1,0.882,Pippip,5
SR2_20171007_174532_000.wav,0.026,0.02,48,45.8,45.8,0,1,12,6,21,35.8,80.7,9,23,192000,N1,0.916,Pippip,5
SR2_20171007_174536_000.wav,0.028,0.048,55,47.2,45.8,0,3.1,40,8,33,155.7,280.7,60,144.5,192000,N1,0.888,Pippip,5
SR2_20171007_180823_000.wav,0.012,0.046,53,47.2,46.5,0,3.8,55,8,34,98.6,316.5,30,82.2,192000,N1,0.914,Pippip,5
SR2_20171007_185825_000.wav,0.056,0.082,59,57,55.5,0,3.4,57,6,23,52.4,288.8,17,37.1,192000,N1,0.932,Pippyg,5
SR2_20171007_192422_000.wav,0.016,0.096,52,47.6,46.5,0,1.7,15,6,28,42.4,124.8,10,30.3,192000,N1,0.832,Pippip,5
SR2_20171007_200610_000.wav,0.006,0.034,52,49.5,47.2,0,3.8,21,10,35,102.5,236.9,29,89.2,192000,N1,0.828,Pippip,5
SR2_20171007_201355_000.wav,0.026,0.134,36,34.5,34.5,0,1.6,28,2,14,33.5,125.5,14,22.6,192000,N1,0.674,Barbar,5
SR2_20171007_201610_000.wav,0.032,0.058,61,56.2,56.2,0,2.9,64,5,22,53.1,304.9,17,42.1,192000,N1,0.836,Pippyg,5
SR2_20171007_201725_000.wav,0.028,0.076,35,36,36,0,3.3,56,4,33,41.1,144.2,14,28.1,192000,N1,0.764,Barbar,5
SR2_20171007_201735_000.wav,0.01,0.02,40,40.9,45.8,0,1.2,17,2,3,91.9,170.9,31,67.6,192000,N1,0.534,Barbar,5
SR2_20171007_204004_000.wav,0.058,0.048,40,37.5,36,0,2.4,24,2,10,46.7,139.9,18,39,192000,N1,0.58,Pleaur,5
SR2_20171007_223849_000.wav,0.068,0.058,40,38.2,34.5,0,3.3,56,4,25,111.6,278.1,38,92.7,192000,N1,0.694,Pleaur,5
SR2_20171007_232602_000.wav,0.038,0.05,43,40.5,36,0,1.7,11,7,45,26.4,65.8,7,16.3,192000,N1,0.846,Pippyg,5
SR2_20171008_003225_000.wav,0.048,0.05,38,36.8,34.5,0,2,19,4,19,55,119.5,21,34.5,192000,N1,0.652,Pleaur,5
SR2_20171008_020020_000.wav,0.022,0.04,47,44.2,43.1,0,2.1,20,8,33,34.3,62.2,13,26.3,192000,N1,0.766,Pippip,5
SR2_20171008_022103_000.wav,0.062,0.074,33,32.2,33.8,0,1.5,22,3,19,31.9,109.2,11,25,192000,N1,0.868,Barbar,5
SR2_20171008_052634_000.wav,0.014,0.022,46,45.8,45,0,1,6,7,33,40.8,62.1,12,30,192000,N1,0.808,Pippip,5
SR2_20171008_174739_000.wav,0.03,0.042,54,51,46.5,0,2.3,39,5,32,87.8,240.3,26,75.4,192000,N1,0.786,Pippip,5
SR2_20171008_175645_000.wav,0.05,0.054,53,48.8,48,0,2,31,7,33,92.4,333,24,79.6,192000,N1,0.916,Pippip,5
SR2_20171008_183607_000.wav,0.008,0.014,39,39.8,39.8,0,1.5,12,10,18,18.9,48.1,7,11.3,192000,N1,0.586,Pipnat,5
SR2_20171008_184134_000.wav,0.028,0.13,34,33.8,34.5,0,1.2,19,4,17,29.5,84.2,9,19.6,192000,N1,0.764,Barbar,5
SR2_20171008_185343_000.wav,0.062,0.052,46,45.8,45.8,0,4.1,52,8,40,38.9,155.5,13,25.8,192000,N1,0.842,Pippip,5
SR2_20171008_211424_000.wav,0.008,0.042,43,42.8,42.8,0,2.7,14,11,46,23.2,79.1,10,12.6,192000,N1,0.564,Pippip,5
SR2_20171009_000925_000.wav,0.054,0.044,36,36,34.5,0,2.4,22,4,17,43.1,83.4,12,34.3,192000,N1,0.668,Pleaur,5
SR2_20171009_044629_000.wav,0.01,0.034,50,48.8,47.2,0,3.1,17,10,45,80.2,191.9,22,66.1,192000,N1,0.872,Pippip,5
SR2_20171009_174453_000.wav,0.014,0.088,48,45,44.2,0,4.8,108,7,33,84.9,184.4,22,66.9,192000,N1,0.92,Pippip,5
SR2_20171009_181249_000.wav,0.038,0.062,54,53.2,53.2,0,5,71,8,43,51.4,169.9,13,36.7,192000,N1,0.914,Pippyg,5
SR2_20171009_181254_000.wav,0.008,0.012,57,56.2,56.2,0,0.8,6,4,7,28.4,53.6,9,17.9,192000,N1,0.744,Pippyg,5
SR2_20171009_213151_000.wav,0.04,0.088,50,46.5,45.8,0,5,134,4,22,99.7,262.6,39,84.8,192000,N1,0.582,Myodau,5
SR2_20171009_213156_000.wav,0.026,0.03,46,41.2,45,0,1.4,7,4,23,46.4,128.9,14,31.6,192000,N1,0.472,Myodau,5
SR2_20171009_231956_000.wav,0.074,0.064,33,35.2,36,0,1.1,10,4,17,31.6,90.6,10,17.1,192000,N1,0.572,Pleaur,5
SR2_20171010_000613_000.wav,0.028,0.098,56,56.2,56.2,0,3.1,26,8,31,69.2,220.1,17,53.9,192000,N1,0.848,Pippyg,5
SR2_20171010_003338_000.wav,0.022,0.026,47,45.8,45.8,0,2.8,18,8,28,44.9,73.2,12,32.7,192000,N1,0.876,Pippip,5
SR2_20171010_012616_000.wav,0.046,0.03,43,41.2,38.2,0,2.1,29,2,7,98.6,203.5,35,73.6,192000,N1,0.612,Pleaur,5
SR2_20171010_012750_000.wav,0.098,0.07,39,38.2,36,0,2.7,36,5,21,88.6,147.2,24,71,192000,N1,0.692,Pleaur,5
SR2_20171010_023817_000.wav,0.032,0.056,34,33.8,34.1,0,2.8,36,3,39,40.3,100.1,13,26.3,192000,N1,0.862,Barbar,5
SR2_20171010_032840_000.wav,0.042,0.044,34,35.6,27,0,1.9,18,4,20,50.1,99.5,14,36.4,192000,N1,0.666,Pleaur,5
SR2_20171010_050304_000.wav,0.008,0.018,49,48,47.2,0,2.6,17,6,25,39.2,80.9,12,30.8,192000,N1,0.898,Pippip,5
SR2_20171010_055945_000.wav,0.046,0.204,9,9.8,8.2,0,0.7,9,5,28,11.9,38.1,3,6.2,192000,N1,0.484,noise,5
SR2_20171010_173815_000.wav,0.012,0.036,44,45.8,42,0,1.1,7,9,23,43.5,93.4,10,34.4,192000,N1,0.53,Pippip,5
SR2_20171010_173915_000.wav,0.096,0.092,57,57,56.2,0.3,2.3,42,4,18,107.8,217.3,32,75.7,192000,N1,0.834,Pippyg,5
SR2_20171010_183547_000.wav,0.012,0.028,53,45.8,45,0,3.1,33,7,28,103.3,197.2,26,87.7,192000,N1,0.9,Pippip,5
SR2_20171010_183826_000.wav,0.024,0.08,48,45,45,0,5,73,8,30,77.7,215.9,23,64,192000,N1,0.866,Pippip,5
SR2_20171010_183831_000.wav,0.018,0.026,46,44.2,44.2,0.1,0.6,3,5,8,20.9,27.4,8,10.9,192000,N1,0.642,Pippip,5
SR2_20171010_184923_000.wav,0.05,0.268,18,17.2,16.1,0,0.6,19,9,62,24.1,48.9,7,6.4,192000,N1,0.39,Aposyl,5
SR2_20171010_191141_000.wav,0.062,0.07,45,36.4,33.8,0,4.3,48,6,41,95.6,347,31,80.3,192000,N1,0.57,Eptser,5
SR2_20171010_191207_000.wav,0.04,0.068,42,35.2,27.8,0,4.2,38,8,50,99.8,424.1,30,80.9,192000,N1,0.466,Eptser,5
SR2_20171010_192538_000.wav,0.018,0.058,52,48.8,46.5,0,4.9,83,7,36,97.5,374.4,33,83.3,192000,N1,0.892,Pippip,5
SR2_20171010_192543_000.wav,0.018,0.054,46,45.4,44.2,0,1.9,40,6,37,29.5,122,10,19.5,192000,N1,0.894,Pippip,5
SR2_20171010_220458_000.wav,0.048,0.056,35,36,29.2,0,2.7,31,4,10,54,96.4,17,38.9,192000,N1,0.454,Pleaur,5
SR2_20171011_042439_000.wav,0.126,0.222,39,37.5,35.6,0,2.1,130,2,10,35.6,75.7,14,30.5,192000,N1,0.474,noise,5
SR2_20171011_215136_000.wav,0.072,0.048,33,35.2,26.6,0,1.3,15,3,14,50.1,95.2,16,29.9,192000,N1,0.652,Pleaur,5
SR2_20171011_220229_000.wav,0.032,0.064,34,34.5,34.5,0,2.2,27,2,17,54.9,152.1,21,38.2,192000,N1,0.87,Barbar,5
SR2_20171011_221501_000.wav,0.044,0.052,37,35.2,33.8,0,2.3,17,6,19,82.9,179.9,28,57.8,192000,N1,0.61,Pleaur,5
SR2_20171011_222059_000.wav,0.042,0.064,41,34.5,34.5,0,1.3,62,2,7,73,146.7,32,69.3,192000,N1,0.564,Plaalb,5
SR2_20171011_224218_000.wav,0.014,0.022,52,48,47.2,0,3.7,46,6,32,60.1,126.4,18,48.6,192000,N1,0.894,Pippip,5
SR2_20171011_230935_000.wav,0.12,0.05,38,36.8,36,0,1.8,25,3,11,46,101.9,19,28.6,192000,N1,0.632,Pleaur,5
SR2_20171011_235615_000.wav,0.014,0.036,33,33,33,0,1,5,2,16,28,86.2,9,13.2,192000,N1,0.744,Barbar,5
SR2_20171012_011343_000.wav,0.088,0.108,33,35.2,25.5,0,2.1,19,7,18,54.5,92.2,17,35.8,192000,N1,0.674,Pleaur,5
SR2_20171012_014016_000.wav,0.11,0.108,33,32.2,25.5,0,3.7,35,8,32,77.5,189.9,17,53.4,192000,N1,0.616,Pleaur,5
SR2_20171012_034146_000.wav,0.032,0.046,53,48,46.5,0,3.2,43,6,29,77.4,149.3,27,63.7,192000,N1,0.88,Pippip,5
SR2_20171012_042058_000.wav,0.044,0.078,54,50.2,48.8,0,4,41,6,39,88.3,266.7,29,75.3,192000,N1,0.894,Pippip,5
SR2_20171012_043329_000.wav,0.026,0.08,50,46.5,46.5,0,1.1,6,4,34,23.8,56.5,7,17.4,192000,N1,0.668,Pippip,5
SR2_20171012_173906_000.wav,0.036,0.03,48,48,46.5,0,2.6,25,10,43,82.2,192.1,18,67.8,192000,N1,0.882,Pippip,5
SR2_20171012_173912_000.wav,0.044,0.036,52,51,48.8,0,1,9,4,7,24.3,87.4,11,19.6,192000,N1,0.782,Pippip,5
SR2_20171012_173939_000.wav,0.014,0.032,49,45.8,45.8,0,3.4,24,9,27,81,124.6,21,68.3,192000,N1,0.858,Pippip,5
SR2_20171012_174236_000.wav,0.01,0.014,51,50.2,50.2,0,1.5,14,7,16,30.8,93.5,8,19.2,192000,N1,0.764,Pippyg,5
SR2_20171012_174249_000.wav,0.01,0.08,51,50.2,50.2,0,4.9,73,9,41,60.5,163.8,13,45.6,192000,N1,0.742,Pippip,5
SR2_20171012_174254_000.wav,0.002,0.008,50,49.5,50.2,0,0.5,4,6,20,19.7,66.3,7,8.2,192000,N1,0.516,Pippip,5
SR2_20171012_174309_000.wav,0.02,0.084,45,44.2,44.2,0,3.7,38,8,25,26.2,77.6,8,16.1,192000,N1,0.89,Pippip,5
SR2_20171012_174742_000.wav,0.056,0.164,35,34.5,34.5,0,2.2,51,3,21,62.2,219.1,22,47.2,192000,N1,0.79,Barbar,5
SR2_20171012_182714_000.wav,0.006,0.008,49,47.2,46.5,0,1.1,7,7,33,40,75,14,29.4,192000,N1,0.858,Pippip,5
SR2_20171012_182717_000.wav,0.02,0.078,47,46.1,45.8,0,1.2,10,7,18,26.8,85.3,8,16.3,192000,N1,0.89,Pippip,5
SR2_20171012_185112_000.wav,0.012,0.028,51,50.6,49.5,0,0.7,3,7,10,38.9,86.9,13,32,192000,N1,0.702,Pippip,5
SR2_20171012_191054_000.wav,0.074,0.14,31,24,24,0,2.2,19,7,24,66.1,97.7,14,39.3,192000,N1,0.582,Pleaur,5
SR2_20171012_193420_000.wav,0.018,0.038,44,43.5,43.5,0,2.8,26,8,22,35.5,80.1,8,21.6,192000,N1,0.674,Pippip,5
SR2_20171012_220947_000.wav,0.018,0.026,51,46.1,45,0,3.7,28,8,38,75.6,265.1,22,64.1,192000,N1,0.788,Pippip,5
SR2_20171012_221739_000.wav,0.046,0.108,35,36,28.5,0,2.4,24,8,31,102.4,255.5,18,75.1,192000,N1,0.648,Pleaur,5
SR2_20171013_012747_000.wav,0.058,0.096,31,18,16.5,0,2.8,25,8,30,79.9,121.1,13,56.8,192000,N1,0.636,Pleaur,5
SR2_20171014_171217_000.wav,0.01,0.05,20,20.2,20.2,0,1.5,5,11,64,18.2,59.8,7,9.7,192000,N1,0.584,Nycnoc,5
SR2_20171014_171432_000.wav,0.01,0.104,19,18.8,18.8,0,4.4,31,7,71,22,92.1,7,11.6,192000,N1,0.756,Nycnoc,5
SR2_20171014_171439_000.wav,0.01,0.048,19,18.8,18.8,0,4.9,26,9,88,18.7,90,7,7.4,192000,N1,0.864,Nycnoc,5
SR2_20171014_171444_000.wav,0.012,0.04,18,18,18,0.1,3.1,23,7,72,15.1,74.5,5,3.8,192000,N1,0.738,Nycnoc,5
SR2_20171014_171626_000.wav,0.028,0.058,19,18.8,18,0,4.8,36,7,89,18.6,99,6,9.5,192000,N1,0.814,Nycnoc,5
SR2_20171014_171631_000.wav,0.026,0.176,18,18,18,0,0.9,9,4,36,18.5,51.7,6,7.6,192000,N1,0.504,Nycnoc,5
SR2_20171014_171718_000.wav,0.012,0.068,19,18.8,18,0,1.5,9,8,42,20.1,46.4,6,7.5,192000,N1,0.686,Nycnoc,5
SR2_20171014_171722_000.wav,0.01,0.036,19,18.8,18.8,0,2.1,17,8,75,15.7,70.4,5,3.4,192000,N1,0.626,Nycnoc,5
SR2_20171014_171726_000.wav,0.06,0.094,22,20.2,20.2,0,2.1,19,7,92,22.8,106.9,9,13,192000,N1,0.628,Nycnoc,5
SR2_20171014_171730_000.wav,0.006,0.042,19,18,18,0,1.1,5,29,81,20.9,80.5,4,12.6,192000,N1,0.628,Nycnoc,5
SR2_20171014_171738_000.wav,0.008,0.03,17,17.2,17.2,0,0.6,4,5,50,15.9,43.8,5,0.0999999999999996,192000,N1,0.4,Nycnoc,5
SR2_20171014_171948_000.wav,0.01,0.078,17,18,18,0,2.3,17,9,49,12.7,49.7,5,5.8,192000,N1,0.666,Nycnoc,5
SR2_20171014_173452_000.wav,0.006,0.012,52,51,51,0.1,2,17,8,16,28,64.9,8,17.1,192000,N1,0.694,Pippyg,5
SR2_20171014_173535_000.wav,0.026,0.052,54,53.2,52.5,0,3.1,53,9,29,98.1,204.5,19,84.6,192000,N1,0.872,Pippyg,5
SR2_20171014_173910_000.wav,0.086,0.068,54,51.4,48.8,0,3.1,110,2,14,61.1,158.8,22,50.7,192000,N1,0.704,Pippip,5
SR2_20171014_173915_000.wav,0.028,0.05,48,47.2,46.5,0,1.3,15,9,32,93.8,182.5,24,79.6,192000,N1,0.776,Pippip,5
SR2_20171014_173927_000.wav,0.018,0.034,48,46.5,45.8,0,2.9,38,9,38,89.4,262.4,22,72,192000,N1,0.876,Pippip,5
SR2_20171014_174024_000.wav,0.036,0.02,57,54.8,54.8,0,1.6,28,9,28,90.3,234.9,27,73.9,192000,N1,0.888,Pippyg,5
SR2_20171014_174212_000.wav,0.05,0.12,44,41.2,43.5,0,2.7,76,2,7,122.6,621.5,45,83,192000,N1,0.696,Barbar,5
SR2_20171014_174253_000.wav,0.01,0.04,44,44.2,44.2,0,3.2,31,9,29,74.2,130.3,18,57.5,192000,N1,0.818,Pippip,5
SR2_20171014_174305_000.wav,0.028,0.03,47,43.5,43.5,0,2.3,22,10,40,30.7,77.6,11,24.6,192000,N1,0.74,Pippip,5
SR2_20171014_175310_000.wav,0.05,0.072,46,45.8,45.8,0,4.3,60,7,35,30.5,85.7,10,20.4,192000,N1,0.832,Pippip,5
SR2_20171014_181152_000.wav,0.012,0.014,46,44.6,44.2,0,2.8,15,9,41,48.7,129.1,14,36.5,192000,N1,0.764,Pippip,5
SR2_20171014_182459_000.wav,0.048,0.042,42,39,40.5,0,2.3,17,4,18,50.8,82.5,18,20.1,192000,N1,0.57,Myodau,5
SR2_20171014_183206_000.wav,0.036,0.04,49,47.2,45.8,0,5,86,7,32,67.6,165,22,57.1,192000,N1,0.928,Pippip,5
SR2_20171014_183211_000.wav,0.016,0.064,45,44.2,44.2,0.1,0.8,4,4,9,16.1,22.7,6,11.3,192000,N1,0.538,Pippip,5
SR2_20171014_184210_000.wav,0.006,0.062,46,46.5,46.5,0,2.5,28,7,28,19.5,50.6,6,11.3,192000,N1,0.822,Pippip,5
SR2_20171014_193512_000.wav,0.01,0.062,48,46.9,32.6,0,0.5,6,3,22,29.7,53.4,12,24.9,192000,N1,0.522,Pippip,5
SR2_20171014_194331_000.wav,0.036,0.04,45,44.2,42.8,0,3.6,38,5,46,35.4,93.9,13,21.8,192000,N1,0.86,Pippip,5
SR2_20171014_195242_000.wav,0.06,0.052,56,54.8,54,0,2.4,63,5,23,42.3,117.1,11,27.9,192000,N1,0.89,Pippyg,5
SR2_20171014_203038_000.wav,0.014,0.024,51,48.8,48.4,0,0.7,7,5,11,32.3,80,9,22.7,192000,N1,0.856,Pippip,5
SR2_20171014_204738_000.wav,0.012,0.02,47,46.5,45,0,2.7,17,9,28,58,112,18,47.2,192000,N1,0.858,Pippip,5
SR2_20171014_215228_000.wav,0.022,0.056,47,46.5,45.8,0,3.3,22,8,45,54.3,132.5,15,41.6,192000,N1,0.882,Pippip,5
SR2_20171014_215844_000.wav,0.012,0.036,51,47.2,47.2,0,2.9,23,7,27,81.9,152.2,20,68.3,192000,N1,0.914,Pippip,5
SR2_20171014_221913_000.wav,0.058,0.052,39,36,36.8,0,3.1,21,5,20,71.6,134.1,26,57.3,192000,N1,0.652,Pleaur,5
SR2_20171014_222042_000.wav,0.092,0.042,37,35.2,32.2,0,1.6,9,6,21,61.4,99.2,24,46.1,192000,N1,0.656,Pleaur,5
SR2_20171014_225120_000.wav,0.044,0.07,34,36.8,35.2,0,2.6,21,4,9,25.3,69.6,9,13.4,192000,N1,0.496,Pleaur,5
SR2_20171014_232247_000.wav,0.054,0.048,45,37.5,36,0.1,3.5,30,4,20,113.3,200.3,43,91.3,192000,N1,0.51,Myonat,5
SR2_20171014_234201_000.wav,0.01,0.016,51,49.5,49.5,0,2.3,12,8,18,40.5,85.2,11,29.2,192000,N1,0.718,Pippip,5
SR2_20171014_234252_000.wav,0.06,0.036,48,52.5,49.5,0,2.2,27,2,10,96.8,314.5,41,76.2,192000,N1,0.566,Myonat,5
SR2_20171015_031137_000.wav,0.038,0.04,42,38.2,35.2,0,2.2,20,4,17,89.4,214.3,33,54.8,192000,N1,0.732,Pleaur,5
SR2_20171015_032813_000.wav,0.02,0.048,58,54.8,54,0,4.4,65,6,27,61,242.8,17,47.4,192000,N1,0.856,Pippyg,5
SR2_20171015_044213_000.wav,0.028,0.054,53,48.8,47.2,0,3.5,56,6,25,59.5,254.4,23,49.1,192000,N1,0.918,Pippip,5
SR2_20171015_171214_000.wav,0.01,0.048,18,18,18,0,2.8,14,6,60,18.6,77.3,6,10.2,192000,N1,0.682,Nycnoc,5
SR2_20171015_171528_000.wav,0.014,0.058,19,18.8,18,0,3.3,20,8,60,17.2,67.1,7,5.6,192000,N1,0.7,Nycnoc,5
SR2_20171015_171536_000.wav,0.014,0.082,25,24.8,24.4,0,1.1,13,4,20,18,58.9,6,9.7,192000,N1,0.494,Nycnoc,5
SR2_20171015_171540_000.wav,0.008,0.076,18,18,18,0,4.3,16,11,57,19.4,67.6,7,11.8,192000,N1,0.726,Nycnoc,5
SR2_20171015_171557_000.wav,0.01,0.046,20,19.5,19.5,0,5,30,8,85,17,116.7,6,5.9,192000,N1,0.822,Nycnoc,5
SR2_20171015_171602_000.wav,0.008,0.038,21,20.2,20.2,0.2,0.3,1,12,16,5.2,6.6,2,3.5,192000,N1,0.218,Nycnoc,5
SR2_20171015_171748_000.wav,0.016,0.04,19,18.8,18.8,0,0.8,3,22,41,24.7,58.6,9,14.2,192000,N1,0.444,Nycnoc,5
SR2_20171015_171751_000.wav,0.018,0.05,18,18.8,18.8,0,2.4,23,7,78,23.6,111.2,6,14.6,192000,N1,0.568,Nycnoc,5
SR2_20171015_171756_000.wav,0.018,0.056,21,20.2,20.2,0,1.7,9,10,69,22.1,67.2,7,13.1,192000,N1,0.646,Nycnoc,5
SR2_20171015_171801_000.wav,0.028,0.07,21,21,20.2,0,0.9,6,7,39,9.6,44.6,4,4.3,192000,N1,0.444,Nycnoc,5
SR2_20171015_171808_000.wav,0.006,0.054,18,18.8,18.8,0,1.4,3,42,56,31.3,58.2,8,18.5,192000,N1,0.618,Nycnoc,5
SR2_20171015_173537_000.wav,0.044,0.05,57,53.2,52.5,0,4.5,61,5,33,73.6,303.9,30,62.5,192000,N1,0.924,Pippyg,5
SR2_20171015_173941_000.wav,0.006,0.004,53,53.2,53.2,0,1.2,6,8,14,44.6,72.6,14,28.9,192000,N1,0.77,Pippyg,5
SR2_20171015_184528_000.wav,0.008,0.028,50,49.5,49.5,0,2.7,26,7,12,26.4,97.7,8,17.3,192000,N1,0.642,Pippip,5
SR2_20171015_212143_000.wav,0.02,0.044,49,47.2,46.5,0,3.4,18,7,46,64.3,129.2,19,49.1,192000,N1,0.888,Pippip,5
SR2_20171016_042031_000.wav,0.038,0.04,49,52.5,50.2,0,1.6,15,3,16,124.3,310.6,49,90.6,192000,N1,0.544,Myonat,5
SR2_20171016_171812_000.wav,0.036,0.088,48,45.8,45.8,0,3.1,32,7,29,54.4,143.8,15,38.8,192000,N1,0.91,Pippip,5
SR2_20171016_175438_000.wav,0.052,0.076,56,53.2,52.5,0,1.5,14,7,19,39,153.5,10,26.9,192000,N1,0.844,Pippyg,5
SR2_20171016_180559_000.wav,0.056,0.042,52,50.2,51,0,2.1,23,4,17,100.3,188.1,37,70.1,192000,N1,0.54,Myodau,5
SR2_20171016_235502_000.wav,0.034,0.034,54,54.8,57,0,1.4,14,2,5,58.2,240,23,41,192000,N1,0.36,Pippyg,5
SR2_20171017_003018_000.wav,0.074,0.066,47,45,40.9,0,4.2,64,4,19,131.2,537.6,48,109.2,192000,N1,0.56,Myonat,5
SR2_20171017_022127_000.wav,0.05,0.136,53,51.8,48.8,0,5,67,4,15,127.7,677.3,47,91.3,192000,N1,0.486,Myonat,5
SR2_20171017_022132_000.wav,0.056,0.06,51,48.8,47.2,0,1.4,19,4,11,86.4,512.4,38,65.8,192000,N1,0.48,Myonat,5
SR2_20171017_022352_000.wav,0.016,0.022,59,58.5,57.8,0,1.4,10,3,11,20.4,67.8,8,11.6,192000,N1,0.81,Pippyg,5
SR2_20171017_172533_000.wav,0.026,0.026,51,46.5,45,0,1.6,39,7,26,92.5,182.5,21,73.7,192000,N1,0.886,Pippip,5
SR2_20171017_172611_000.wav,0.028,0.056,54,48.8,47.2,0,3.1,78,8,34,73.6,189.2,20,58.5,192000,N1,0.91,Pippip,5
SR2_20171017_173657_000.wav,0.032,0.042,49,47.2,45.8,0,4.9,57,6,28,46.2,104.7,17,34.1,192000,N1,0.894,Pippip,5
SR2_20171017_175628_000.wav,0.016,0.038,50,48,47.2,0,2.1,15,10,33,33.5,83.9,10,21.4,192000,N1,0.852,Pippip,5
SR2_20171017_192415_000.wav,0.01,0.02,47,45.8,45.8,0,2.7,15,10,42,53.2,117.2,20,39.9,192000,N1,0.838,Pippip,5
SR2_20171017_192759_000.wav,0.012,0.046,48,46.5,45.8,0,4.5,40,7,47,58.5,227.4,16,49.3,192000,N1,0.852,Pippip,5
SR2_20171017_231854_000.wav,0.026,0.03,48,46.5,45.8,0,3,18,6,29,24.7,112.2,9,14.3,192000,N1,0.844,Pippip,5
SR2_20171018_014755_000.wav,0.026,0.032,47,45.8,45.8,0,1,10,6,16,18.5,68.4,6,13.9,192000,N1,0.776,Pippip,5
SR2_20171018_020813_000.wav,0.008,0.024,51,47.2,45.4,0,1.3,10,6,19,36.2,90.2,12,26.2,192000,N1,0.812,Pippip,5
SR2_20171018_174701_000.wav,0.036,0.06,33,33.8,33.8,0,2,19,2,23,48.1,154.7,17,33.7,192000,N1,0.84,Barbar,5
SR2_20171018_174947_000.wav,0.002,0.05,18,18,18,0,1,5,5,38,22.1,43.1,7,11.3,192000,N1,0.632,Nycnoc,5
SR2_20171018_184053_000.wav,0.092,0.074,39,41.2,36.8,0,2,27,3,7,51.3,138.5,19,32.7,192000,N1,0.72,Barbar,5
SR2_20171018_190300_000.wav,0.022,0.054,48,46.9,45.8,0,2.6,26,8,23,44.8,95.7,13,34,192000,N1,0.878,Pippip,5
SR2_20171018_200248_000.wav,0.056,0.064,33,26.2,33.8,0,1.8,14,6,17,48.9,97.3,16,38.9,192000,N1,0.636,Pleaur,5
SR2_20171018_215718_000.wav,0.048,0.028,37,36.4,33.8,0,2.4,16,8,19,53.9,108.3,22,46.6,192000,N1,0.662,Pleaur,5
SR2_20171018_235429_000.wav,0.024,0.042,48,47.2,47.2,0,3.4,23,7,36,43.6,129.6,13,31.6,192000,N1,0.896,Pippip,5
SR2_20171019_182824_000.wav,0.118,0.106,46,45,43.5,0,3,67,5,19,84.4,230.8,31,68.2,192000,N1,0.47,Myodau,5
SR2_20171020_001625_000.wav,0.078,0.136,46,46.5,40.1,0,2.2,28,3,10,43.2,170.7,18,38.6,192000,N1,0.744,noise,5
SR2_20171020_010758_000.wav,0.02,0.056,49,48,46.5,0,3.2,27,7,35,48.5,112.8,15,37.3,192000,N1,0.916,Pippip,5
SR2_20171020_190442_000.wav,0.048,0.06,48,46.5,48.8,0,2.7,36,3,16,101.3,219.9,31,81,192000,N1,0.488,Myonat,5
SR2_20171020_195629_000.wav,0.012,0.038,45,45,45,0,3,18,9,29,51,96.1,11,40.6,192000,N1,0.848,Pippip,5
SR2_20171020_203311_000.wav,0.018,0.02,50,48,47.2,0,1,5,7,26,39.6,85.4,14,30.8,192000,N1,0.84,Pippip,5
SR2_20171020_203933_000.wav,0.01,0.006,57,56.2,56.2,0,1.4,9,14,36,76.6,135.1,17,57.5,192000,N1,0.894,Pippyg,5
SR2_20171020_230544_000.wav,0.034,0.06,52,49.1,45.8,0,4.2,69,8,43,77.1,261.1,24,66.3,192000,N1,0.8,Pippip,5
SR2_20171020_233123_000.wav,0.06,0.276,17,17.2,15,0.1,4,34,1,10,26.1,64.4,11,21.4,192000,N1,0.848,noise,5
SR2_20171021_003245_000.wav,0.022,0.048,52,47.2,46.5,0,3.7,31,9,38,81.1,254.3,32,70,192000,N1,0.878,Pippip,5
SR2_20171021_003711_000.wav,0.008,0.036,50,47.2,45.8,0,4.6,25,8,36,75.8,176.8,17,62.7,192000,N1,0.8,Pippip,5
SR2_20171021_052825_000.wav,0.062,0.098,36,26.2,25.5,0,2.1,22,8,39,123.6,279,43,98.1,192000,N1,0.59,Pleaur,5
SR2_20171022_020957_000.wav,0.046,0.03,50,46.5,45.8,0,4.4,39,8,34,66.5,189,16,54,192000,N1,0.874,Pippip,5
SR2_20171022_041658_000.wav,0.026,0.024,55,50.2,48.8,0,1.6,12,11,42,105.7,207.6,38,93.9,192000,N1,0.808,Pippip,5
SR2_20171022_041702_000.wav,0.02,0.026,50,47.2,47.2,0,0.7,7,6,24,57.4,113,17,46.9,192000,N1,0.9,Pippip,5
SR2_20171022_042334_000.wav,0.054,0.044,39,36.8,33,0,2.9,22,4,18,92.9,198.9,22,75,192000,N1,0.658,Pleaur,5
SR2_20171022_202509_000.wav,0.008,0.014,49,47.2,45.8,0,1.2,9,9,30,73.7,163.8,20,47.1,192000,N1,0.832,Pippip,5
SR2_20171022_202512_000.wav,0.024,0.044,57,49.5,46.5,0,4.8,78,7,44,171.7,280.7,59,151.9,192000,N1,0.902,Pippip,5
SR2_20171022_202517_000.wav,0.014,0.024,47,45,45.4,0,0.3,2,5,10,13.9,24.8,5,10.8,192000,N1,0.62,Pippip,5
SR2_20171022_203508_000.wav,0.016,0.066,49,46.5,45,0,5,43,7,36,88.5,193.6,20,73.2,192000,N1,0.912,Pippip,5
SR2_20171022_203513_000.wav,0.024,0.07,51,47.6,45.8,0,2.4,21,6,25,51.1,129.2,18,41.1,192000,N1,0.896,Pippip,5
SR2_20171022_211619_000.wav,0.034,0.038,52,46.5,46.5,0,4.9,48,8,41,118,294.3,34,101.9,192000,N1,0.928,Pippip,5
SR2_20171022_211624_000.wav,0.02,0.026,52,48.8,45,0,1.9,14,9,39,114.8,261.8,37,101.3,192000,N1,0.878,Pippip,5
SR2_20171022_211712_000.wav,0.016,0.058,51,47.2,45.8,0,4.4,53,7,42,62.3,307.5,22,49,192000,N1,0.886,Pippip,5
SR2_20171022_235252_000.wav,0.026,0.028,63,58.5,57.8,0,2.7,34,6,24,64.1,187.1,18,43.6,192000,N1,0.91,Pippyg,5
SR2_20171023_033907_000.wav,0,0.004,56,55.9,54.8,0,0.4,3,4,5,48.1,77.8,24,45.1,192000,N1,0.75,Pippyg,5
SR2_20171023_172436_000.wav,0.008,0.02,47,45,44.2,0,2.3,17,10,36,58.9,114.1,14,44.7,192000,N1,0.842,Pippip,5
SR2_20171023_204838_000.wav,0.052,0.11,48,45,43.5,0,5,50,10,42,55.2,99.5,17,40,192000,N1,0.81,Pippip,5
SR2_20171023_204843_000.wav,0.026,0.06,45,43.5,43.1,0,1.1,8,9,30,23,34.7,6,14.2,192000,N1,0.686,Pippip,5
SR2_20171023_205302_000.wav,0.014,0.076,43,43.5,43.5,0,4.9,36,9,50,41.6,117.1,10,28.6,192000,N1,0.738,Pippip,5
SR2_20171023_210252_000.wav,0.024,0.054,51,47.2,45.8,0,5,56,9,31,126.7,254.2,42,113,192000,N1,0.924,Pippip,5
SR2_20171023_210257_000.wav,0.012,0.018,47,46.5,45,0,0.7,11,7,18,45.4,77.5,8,29.2,192000,N1,0.838,Pippip,5
SR2_20171023_212125_000.wav,0.012,0.024,44,43.5,42.8,0,1.4,15,8,33,54.6,103.2,11,40.1,192000,N1,0.574,Pippip,5
SR2_20171023_221704_000.wav,0.028,0.056,53,48.8,48.4,0,3.3,39,8,26,77.6,163.9,24,65.4,192000,N1,0.938,Pippip,5
SR2_20171023_222410_000.wav,0.012,0.03,49,48,48,0,0.9,12,6,13,33.3,64.1,9,23.4,192000,N1,0.776,Pippip,5
SR2_20171023_222413_000.wav,0.014,0.036,52,50.2,48,0,1.3,9,7,21,24.5,78.9,8,16.6,192000,N1,0.832,Pippip,5
SR2_20171023_222453_000.wav,0.022,0.026,50,46.9,44.2,0,2.1,14,7,41,32.9,77.7,11,21.9,192000,N1,0.83,Pippip,5
SR2_20171023_223147_000.wav,0.02,0.056,46,48,39,0,4.2,66,7,44,52.4,132,17,38.6,192000,N1,0.816,Pippip,5
SR2_20171023_230003_000.wav,0.022,0.052,46,45.8,44.2,0,3.9,34,9,38,65,146.5,16,51.6,192000,N1,0.848,Pippip,5
SR2_20171023_230805_000.wav,0.056,0.07,35,36.8,34.5,0,3.2,179,0,1,54.8,73,25,50.1,192000,N1,0.734,Plaalb,5
SR2_20171023_231120_000.wav,0.068,0.038,52,48,48,0,2,40,7,28,68.6,150.7,16,54,192000,N1,0.874,Pippip,5
SR2_20171023_233301_000.wav,0.034,0.052,53,49.5,48,0,2.8,38,8,38,94.3,373.5,31,81.2,192000,N1,0.876,Pippip,5
SR2_20171023_235758_000.wav,0.022,0.068,48,47.2,46.5,0,3.2,37,6,34,29.3,83.9,10,21.1,192000,N1,0.88,Pippip,5
SR2_20171024_004540_000.wav,0.02,0.036,52,49.5,48,0,3.1,31,8,34,54.4,188.1,17,37.6,192000,N1,0.858,Pippip,5
SR2_20171024_041434_000.wav,0.036,0.062,52,49.9,48.8,0,1.3,23,5,15,37.2,144.4,13,26.1,192000,N1,0.872,Pippip,5
SR2_20171024_171151_000.wav,0.044,0.038,49,46.5,46.5,0,1.2,15,5,17,33.7,74.8,10,22.6,192000,N1,0.836,Pippip,5
SR2_20171024_171154_000.wav,0.03,0.048,50,45.8,45,0,2.5,48,8,30,104,243.9,31,91.3,192000,N1,0.812,Pippip,5
SR2_20171024_172017_000.wav,0.042,0.046,48,46.5,45,0,3.4,40,7,40,54.5,140.8,16,39.7,192000,N1,0.938,Pippip,5
SR2_20171024_173531_000.wav,0.076,0.15,51,46.5,46.5,0,4.8,71,8,31,80.1,200.3,25,67.2,192000,N1,0.866,Pippip,5
SR2_20171024_182554_000.wav,0.008,0.032,45,45.8,44.2,0,1.6,10,6,43,49.2,83.4,19,36.1,192000,N1,0.722,Pippip,5
SR2_20171024_185044_000.wav,0.018,0.054,49,48,47.2,0,1.8,21,7,19,41.1,113.8,13,24.2,192000,N1,0.828,Pippip,5
SR2_20171024_195003_000.wav,0.048,0.054,29,28.5,28.5,0,3.1,77,0,2,30.8,54.8,13,24.6,192000,N1,0.75,Plaalb,5
SR2_20171025_181909_000.wav,0.032,0.048,51,49.5,48.8,0,4.4,65,6,33,83.5,212.8,22,72.9,192000,N1,0.858,Pippip,5
SR2_20171025_192617_000.wav,0.072,0.038,45,45,45,0,5,77,9,34,62.6,153.4,18,47.4,192000,N1,0.81,Pippip,5
SR2_20171025_192622_000.wav,0,0.014,44,44.2,44.2,0,0.3,2,7,7,17.9,29.4,6,13.7,192000,N1,0.536,Pippip,5
SR2_20171025_192722_000.wav,0.008,0.052,45,45,44.2,0,5,29,13,32,55.7,114.4,15,44.9,192000,N1,0.872,Pippip,5
SR2_20171025_192727_000.wav,0.006,0.012,45,45,44.2,0.1,0.9,5,8,11,23.1,48.2,7,14.6,192000,N1,0.782,Pippip,5
SR2_20171025_192914_000.wav,0.032,0.056,47,47.2,45.8,0,1.6,13,8,24,31.1,83.4,9,22.6,192000,N1,0.888,Pippip,5
SR2_20171025_193121_000.wav,0.016,0.052,50,48.8,48,0,3.1,26,6,18,41,85.3,11,25.9,192000,N1,0.914,Pippip,5
SR2_20171025_193313_000.wav,0.008,0.022,46,45.8,45.8,0,4.7,33,10,42,67.9,201.6,19,54.2,192000,N1,0.836,Pippip,5
SR2_20171025_200839_000.wav,0.012,0.058,46,45.8,45,0,2.8,17,9,37,60.2,145.4,18,46.2,192000,N1,0.886,Pippip,5
SR2_20171025_200844_000.wav,0.004,0.014,45,45,45,0,1.8,15,7,31,36.6,100.4,10,25,192000,N1,0.742,Pippip,5
SR2_20171025_210908_000.wav,0.036,0.044,44,39.8,42.8,0,3.9,21,7,22,77.3,192.3,28,54.8,192000,N1,0.552,Myodau,5
SR2_20171026_002630_000.wav,0.034,0.046,38,36.8,36.4,0,1.1,11,4,26,77.4,177.2,26,53.1,192000,N1,0.45,Pleaur,5
SR2_20171026_003744_000.wav,0.008,0.012,48,45.8,44.2,0,1.7,16,6,42,29.8,93.1,12,21.1,192000,N1,0.778,Pippip,5
SR2_20171026_003833_000.wav,0.03,0.056,44,44.2,42.8,0,2.3,11,8,48,28.9,80.2,11,19.9,192000,N1,0.594,Pippip,5
SR2_20171026_004348_000.wav,0.028,0.04,44,43.5,43.5,0,2.4,12,8,56,76.5,125.9,23,59.7,192000,N1,0.622,Pippip,5
SR2_20171026_005218_000.wav,0.022,0.034,44,43.5,43.5,0,4,17,14,50,58,110.3,17,44.5,192000,N1,0.694,Pippip,5
SR2_20171026_010145_000.wav,0.002,0.026,45,44.2,43.5,0,3.4,13,43,48,57.7,98.9,19,44.1,192000,N1,0.652,Pippip,5
SR2_20171026_044358_000.wav,0.074,0.088,37,33.8,42.8,0,2.1,15,6,14,58.8,109,14,20.4,192000,N1,0.582,Pleaur,5
SR2_20171026_064650_000.wav,0.054,0.182,15,15,15,0,1.2,24,7,45,15.7,43,6,6.7,192000,N1,0.424,Aposyl,5
SR2_20171026_171320_000.wav,0.012,0.02,49,46.5,45,0,1.6,16,4,14,20.4,70,6,10,192000,N1,0.848,Pippip,5
SR2_20171026_180327_000.wav,0.02,0.048,45,45.8,45,0,3,21,7,40,33.5,106.8,12,21.9,192000,N1,0.82,Pippip,5
SR2_20171026_180726_000.wav,0.012,0.022,48,47.2,45.8,0,4.4,24,9,36,74.1,153,17,62.2,192000,N1,0.862,Pippip,5
SR2_20171026_220521_000.wav,0.014,0.048,42,42.8,43.5,0,1.6,32,2,3,48.9,149.1,16,25.2,192000,N1,0.668,Barbar,5
SR2_20171027_174038_000.wav,0.018,0.038,47,46.5,45.8,0,4.4,37,8,35,72.2,119.1,20,58.5,192000,N1,0.896,Pippip,5
SR2_20171027_174207_000.wav,0.014,0.022,48,47.2,47.2,0,2.3,21,8,44,32.8,87.1,13,25.1,192000,N1,0.898,Pippip,5
SR2_20171027_193606_000.wav,0.046,0.042,52,47.2,48,0,3.9,72,4,34,132.3,368.8,53,110.1,192000,N1,0.418,Myodau,5
SR2_20171027_205112_000.wav,0.04,0.112,26,24.8,24,0,1.4,12,4,108,18,77.6,8,9.3,192000,N1,0.358,Aposyl,5
SR2_20171029_220409_000.wav,0.014,0.014,58,57.8,57,0,1.5,9,8,24,24.5,117,9,16.6,192000,N1,0.93,Pippyg,5
SR2_20171029_231506_000.wav,0.01,0.024,48,47.2,46.5,0,3.5,24,8,31,48.4,111.6,16,34.6,192000,N1,0.878,Pippip,5
SR2_20171030_041523_000.wav,0.036,0.146,26,26.2,25.9,0,0.7,57,5,15,18.7,45.1,6,12,192000,N1,0.316,Aposyl,5
SR2_20171031_003451_000.wav,0.026,0.02,58,56.2,54.8,0,1.9,21,7,16,27.6,89.3,8,20.1,192000,N1,0.92,Pippyg,5
SR2_20171031_172339_000.wav,0.024,0.042,49,47.2,45.8,0,2.6,19,7,41,69.5,170.5,16,56.6,192000,N1,0.864,Pippip,5
SR2_20171031_172343_000.wav,0.014,0.04,50,46.5,46.5,0,3.7,23,8,38,44.2,87.2,16,35.4,192000,N1,0.916,Pippip,5
SR2_20171031_172404_000.wav,0.014,0.02,48,44.2,44.2,0,4.4,32,9,44,79.1,189.5,15,63.6,192000,N1,0.878,Pippip,5
SR2_20171031_173738_000.wav,0.016,0.046,50,45.8,45.8,0,3.1,36,8,47,60.6,149.6,18,46.3,192000,N1,0.878,Pippip,5
SR2_20171031_173911_000.wav,0.012,0.03,49,45.8,45,0,1,7,12,33,36.1,62.6,11,26.8,192000,N1,0.762,Pippip,5
SR2_20171031_173955_000.wav,0.028,0.02,47,45,45,0,2.2,11,8,42,34.5,93.4,12,22.8,192000,N1,0.838,Pippip,5
SR2_20171031_174118_000.wav,0.06,0.042,36,33.8,25.5,0,2.3,18,5,15,76.3,140.7,26,66.1,192000,N1,0.772,Pleaur,5
SR2_20171031_174139_000.wav,0.01,0.026,48,45,45,0,3.1,26,9,48,46.9,155.2,17,33.6,192000,N1,0.77,Pippip,5
SR2_20171031_174209_000.wav,0.008,0.026,52,48,45.4,0,2.6,18,14,50,79,237.1,32,64.1,192000,N1,0.808,Pippip,5
SR2_20171031_174533_000.wav,0.012,0.03,49,47.2,45,0,3.5,25,8,41,48.3,181.5,14,37.7,192000,N1,0.868,Pippip,5
SR2_20171031_175053_000.wav,0.008,0.04,50,45,45,0,4.1,30,11,55,84.6,220.2,24,70.4,192000,N1,0.886,Pippip,5
SR2_20171031_175153_000.wav,0.016,0.038,48,45,44.6,0,3.4,38,9,42,73.7,158.6,22,58.7,192000,N1,0.866,Pippip,5
SR2_20171031_175456_000.wav,0.048,0.048,47,39.8,43.5,0,1.3,15,4,16,97.2,156.3,31,73.6,192000,N1,0.458,Myodau,5
SR2_20171031_175603_000.wav,0.028,0.028,50,46.5,50.2,0,1.7,20,2,13,98.1,156.4,31,80.4,192000,N1,0.348,Myodau,5
SR2_20171031_184026_000.wav,0.014,0.022,47,45.8,45,0,2,10,8,25,35,90.5,9,23.7,192000,N1,0.85,Pippip,5
SR2_20171031_184125_000.wav,0.026,0.094,48,43.5,40.5,0,4.8,52,5,27,121,376.3,43,99.5,192000,N1,0.522,Myodau,5
SR2_20171031_190606_000.wav,0.01,0.196,14,15,15.4,0,0.2,3,12,20,17.4,58,5,2.6,192000,N1,0.274,Aposyl,5
SR2_20171031_190813_000.wav,0.024,0.1,17,18,17.6,0,1.7,15,10,31,33.5,75.1,11,12.2,192000,N1,0.506,Nycnoc,5
SR2_20171031_201603_000.wav,0.036,0.034,51,46.5,48,0,3.7,51,5,31,90.3,353.9,34,74.5,192000,N1,0.612,Myodau,5
SR2_20171031_210317_000.wav,0.06,0.086,49,45,45,0,5,59,4,20,107.8,220.1,40,87.2,192000,N1,0.636,Myodau,5
SR2_20171031_210322_000.wav,0.022,0.058,48,40.5,42.8,0,0.1,1,12,12,18.1,18.1,5,10.9,192000,N1,0.138,Leppun,5
SR2_20171101_000930_000.wav,0.07,0.044,47,43.1,40.5,0,4.3,31,6,18,109.5,169.9,34,72,192000,N1,0.502,Myonat,5
SR2_20171101_170239_000.wav,0.016,0.034,46,45,45,0,2.8,22,8,40,58,197.9,15,44.2,192000,N1,0.816,Pippip,5
SR2_20171101_170819_000.wav,0.012,0.02,45,45,44.2,0,2.7,22,8,41,29.4,96.7,9,19.1,192000,N1,0.752,Pippip,5
SR2_20171101_171745_000.wav,0.012,0.016,45,45.8,45.4,0,2.2,27,7,21,34.2,89.9,10,22.7,192000,N1,0.654,Pippip,5
SR2_20171101_171930_000.wav,0.03,0.092,51,48.8,48,0,4.4,70,5,31,45,125.3,14,33.7,192000,N1,0.926,Pippip,5
SR2_20171101_174754_000.wav,0.004,0.012,46,45.8,45,0,2,15,8,28,67.5,125,15,52.5,192000,N1,0.862,Pippip,5
SR2_20171101_175618_000.wav,0.014,0.082,50,48.8,48,0,5,69,6,21,34.6,98.7,11,21.7,192000,N1,0.942,Pippip,5
SR2_20171101_184635_000.wav,0.024,0.04,45,45,45,0,4.7,33,9,42,59.7,139.8,19,44.9,192000,N1,0.85,Pippip,5
SR2_20171101_185241_000.wav,0.01,0.024,49,47.2,45.8,0,3.2,15,9,40,62.4,91.1,18,52.5,192000,N1,0.888,Pippip,5
SR2_20171101_201052_000.wav,0.028,0.048,49,46.9,46.5,0,4.3,42,6,35,54.5,169.5,13,41.1,192000,N1,0.906,Pippip,5
SR2_20171101_201650_000.wav,0.068,0.068,47,42,42.8,0,5,50,6,34,120,269.6,38,99.6,192000,N1,0.688,Myodau,5
SR2_20171101_201655_000.wav,0.042,0.048,42,38.2,38.2,0,1.2,7,5,13,31.1,98.7,11,22.2,192000,N1,0.438,Myodau,5
SR2_20171102_062658_000.wav,0.042,0.058,39,36.4,36,0,0.3,4,10,14,39.8,63.6,15,28.8,192000,N1,0.25,Leppun,5
SR2_20171102_190151_000.wav,0.022,0.022,53,52.5,52.5,0,3.8,36,7,35,47.1,111.4,15,33.4,192000,N1,0.766,Pippyg,5
SR2_20171102_200018_000.wav,0.01,0.018,54,53.2,52.5,0,2.5,16,8,46,41.4,83.4,12,30.3,192000,N1,0.902,Pippyg,5
SR2_20171103_014122_000.wav,0.012,0.016,48,47.2,47.2,0,1,10,8,34,33.6,65.9,13,27.9,192000,N1,0.828,Pippip,5
SR2_20171103_014814_000.wav,0.012,0.064,49,46.5,46.1,0,4.9,37,8,40,63.8,137.7,16,51.9,192000,N1,0.882,Pippip,5
SR2_20171103_014819_000.wav,0.004,0.02,45,45,44.6,0,1.1,6,7,17,21.7,54.7,6,11.6,192000,N1,0.812,Pippip,5
SR2_20171103_025103_000.wav,0.012,0.044,58,57,55.5,0,2.2,18,5,14,40.7,73.7,13,34.2,192000,N1,0.918,Pippyg,5
SR2_20171103_181848_000.wav,0.026,0.052,51,48,47.2,0,2.3,18,8,33,42.9,89.7,12,33.5,192000,N1,0.876,Pippip,5
SR2_20171120_223305_000.wav,0.01,0.016,49,46.5,45,0,3.2,20,8,29,113.1,168.7,21,97.3,192000,N1,0.884,Pippip,5
SR2_20171120_231549_000.wav,0.03,0.04,52,47.2,46.5,0,4.3,78,6,24,72.5,143.3,20,62.6,192000,N1,0.898,Pippip,5
SR2_20171120_231649_000.wav,0.008,0.012,55,52.5,50.2,0,0.9,6,5,21,90.4,116.6,29,80.9,192000,N1,0.666,Pippip,5
SR2_20171120_232032_000.wav,0.006,0.032,54,49.5,48,0,5,49,6,35,113.7,329.6,33,95.9,192000,N1,0.864,Pippip,5
SR2_20171120_232037_000.wav,0.012,0.02,50,47.2,45.8,0,4.7,41,7,29,61.8,121.7,16,51.3,192000,N1,0.878,Pippip,5
SR2_20171120_232100_000.wav,0.06,0.132,50,48,48,0,3.1,33,4,32,25.2,85.4,10,17.1,192000,N1,0.914,Pippip,5
SR2_20171120_232503_000.wav,0.036,0.042,54,51.8,50.6,0,0.9,17,1,16,29.6,56.1,11,18.7,192000,N1,0.812,Pippip,5
SR2_20171120_232509_000.wav,0.042,0.054,53,47.2,47.2,0,4.1,51,6,33,112.2,283.2,27,97,192000,N1,0.866,Pippip,5
SR2_20171120_232522_000.wav,0.02,0.04,51,47.2,45.8,0,2,21,8,25,64.9,117.3,18,45.3,192000,N1,0.884,Pippip,5
SR2_20171120_232545_000.wav,0.032,0.058,51,47.2,46.5,0,2.7,26,7,30,40,100.5,15,30.5,192000,N1,0.91,Pippip,5
SR2_20171121_193128_000.wav,0.072,0.108,43,36.8,38.2,0,3.7,90,2,14,40.3,844,17,32.5,192000,N1,0.862,noise,5
SR2_20171121_220422_000.wav,0.052,0.048,48,50.2,50.2,0,2.7,44,4,18,193.3,398.3,78,174.7,192000,N1,0.588,Myonat,5
SR2_20171121_234339_000.wav,0.066,0.046,46,44.2,42,0,3.2,28,4,13,92.5,154.7,36,74.9,192000,N1,0.478,Myonat,5
SR2_20171121_235516_000.wav,0.032,0.052,48,44.2,48,0,1.5,12,3,14,98.6,154.9,34,80.5,192000,N1,0.39,Myodau,5
SR2_20171122_040350_000.wav,0.082,0.056,45,40.5,46.1,0,2.5,47,4,17,86.6,358.2,28,68.7,192000,N1,0.6,Myodau,5
SR2_20171122_040912_000.wav,0.078,0.076,48,45.8,47.2,0,3.9,67,3,11,64.9,293.2,22,49.6,192000,N1,0.602,Myonat,5
SR2_20171122_044001_000.wav,0.052,0.024,47,49.9,48.8,0,1.5,20,2,8,102,315.3,41,88.6,192000,N1,0.502,Myonat,5
SR2_20171122_045553_000.wav,0.04,0.034,47,45,41.2,0,3.1,32,4,14,102,179.9,42,87.8,192000,N1,0.41,Myodau,5
SR2_20171122_174620_000.wav,0.032,0.048,50,49.5,51,0,2.3,30,4,14,141.2,282.7,52,131.5,192000,N1,0.352,Myodau,5
SR2_20171122_175123_000.wav,0.036,0.038,49,50.6,48,0,1.3,14,3,11,150.3,326.2,61,136.9,192000,N1,0.35,Myonat,5
SR2_20171122_183911_000.wav,0.054,0.054,47,50.2,40.9,0,3.1,72,3,16,156.7,385.6,69,141,192000,N1,0.62,Myonat,5
SR2_20171123_173452_000.wav,0.044,0.034,52,47.2,51.4,0,1.4,13,1,13,117.6,270.5,42,93.6,192000,N1,0.472,Myonat,5
SR2_20171123_180229_000.wav,0.05,0.032,49,52.5,52.9,0,1.3,17,4,11,96.1,216,43,86.2,192000,N1,0.294,Myonat,5
SR2_20171123_190355_000.wav,0.004,0.01,58,55.5,55.1,0,0.9,5,14,29,76.2,136.1,19,42,192000,N1,0.76,Pippyg,5
SR2_20171123_191604_000.wav,0.02,0.096,60,56.2,55.5,0,5,46,7,33,70.7,375.5,20,56.9,192000,N1,0.946,Pippyg,5
SR2_20171123_191609_000.wav,0.006,0.01,55,53.6,54.4,0.1,0.5,1,6,7,7.6,10.2,2,4.9,192000,N1,0.444,Pippyg,5
SR2_20171123_225922_000.wav,0.012,0.062,51,45.8,45.8,0,5,34,8,30,81.3,194.2,23,68.5,192000,N1,0.912,Pippip,5
SR2_20171123_225927_000.wav,0,0.004,51,47.2,43.9,0,0.1,1,18,26,77.9,81.6,26,57.2,192000,N1,0.588,Pippip,5
SR2_20171123_231639_000.wav,0.014,0.044,52,47.2,45,0,5,61,8,47,98.9,296.8,33,88.6,192000,N1,0.876,Pippip,5
SR2_20171123_231644_000.wav,0.014,0.022,46,45,44.2,0,2.4,14,7,26,36.2,90.2,11,30.2,192000,N1,0.832,Pippip,5
SR2_20171124_001610_000.wav,0.018,0.032,50,49.5,47.2,0,1.9,15,7,18,40.4,102.3,13,32.5,192000,N1,0.848,Pippip,5
SR2_20171124_001614_000.wav,0.07,0.078,51,49.5,45.8,0,4.7,44,8,34,38.2,111.6,14,30.5,192000,N1,0.848,Pippip,5
SR2_20171124_001621_000.wav,0.018,0.056,48,48,45.8,0,5,69,9,28,79,144,23,65.9,192000,N1,0.818,Pippip,5
SR2_20171124_001626_000.wav,0.016,0.018,48,45,45,0.1,1.3,5,8,28,75.2,102.6,12,65.9,192000,N1,0.81,Pippip,5
SR2_20171124_005822_000.wav,0.01,0.03,53,52.5,52.5,0,5,50,8,33,70.3,181.1,14,53.5,192000,N1,0.852,Pippyg,5
SR2_20171124_005827_000.wav,0.02,0.016,56,53.6,54,0.1,0.2,1,8,9,20.3,28.3,7,4.4,192000,N1,0.432,Pippyg,5
SR2_20171125_064748_000.wav,0.084,0.41,16,16.5,8.2,0,0.4,7,9,12,17.1,81.2,6,4.4,192000,N1,0.608,bird,5
SR2_20171125_064832_000.wav,0.038,0.086,41,37.5,37.5,0,0.3,4,9,13,15.7,24.9,5,5.5,192000,N1,0.448,Pippip,5
SR2_20171126_203437_000.wav,0.094,0.046,48,45.8,45.8,0,2.6,47,2,17,121.1,282,41,100.7,192000,N1,0.634,Myonat,5
SR2_20171126_204932_000.wav,0.062,0.052,51,48.8,48,0,1.9,49,2,9,89.7,213.2,36,72.7,192000,N1,0.344,Myonat,5
SR2_20171127_065524_000.wav,0.004,0.024,36,36,36.8,0,0.1,1,11,11,27.4,27.4,9,15,192000,N1,0.102,Pipnat,5
SR2_20170527_011808_000.wav,0.002,0.018,59,57,57.8,0.3,0.4,1,1,1,16.5,16.5,4,3.8,192000,N2,0.328,Pippyg,5
SR2_20170603_002424_000.wav,0.014,0.022,38,37.5,39,0.8,0.9,1,0,0,21.1,21.1,9,17.9,192000,N2,0.11,Myodau,5
SR2_20170608_025135_000.wav,0.036,0.038,52,50.6,50.6,0,1.2,3,6,7,14.4,27.9,6,11.9,192000,N2,0.234,Pippip,5
SR2_20170612_213928_000.wav,0.004,0.012,75,75,74.2,1.2,1.3,1,0,0,33.5,33.5,11,0,192000,N2,0.456,noise,5
SR2_20170928_182928_000.wav,0.008,0.034,36,34.5,17.6,2.3,2.4,1,1,2,43.3,54.8,19,42.7,192000,N2,0.26,Leppun,5
SR2_20170928_215527_000.wav,0.07,0.05,46,46.5,0,0.2,0.3,1,18,18,58.5,58.5,21,50.3,192000,N2,0.092,Leppun,5
SR2_20170929_215223_000.wav,0.062,0.052,53,53.2,51.8,0.2,1.8,5,3,7,18.3,30.3,7,12,192000,N2,0.266,noise,5
SR2_20170929_223900_000.wav,0.004,0.008,37,38.2,39,1.9,2,1,0,0,25.3,25.3,12,23.4,192000,N2,0.352,noise,5
SR2_20170929_234022_000.wav,0.03,0.026,36,34.9,34.5,0,0.7,2,6,10,12.7,14.1,6,9.3,192000,N2,0.228,Leppun,5
SR2_20170930_182522_000.wav,0.058,0.102,18,17.2,17.2,0,2.2,3,3,5,10.1,19.3,4,6.4,192000,N2,0.13,Plaalb,5
SR2_20170930_184838_000.wav,0.042,0.06,36,37.1,36.8,2.3,2.8,1,2,2,20.2,20.9,7,15.1,192000,N2,0.258,noise,5
SR2_20170930_222136_000.wav,0.024,0.05,91,95.2,90,1,1.8,7,0,1,28.8,46.5,10,24,192000,N2,0.348,noise,5
SR2_20170930_232816_000.wav,0.012,0.05,19,18,0,0,0.1,1,10,10,7.6,7.6,2,0,192000,N2,0.194,Nycnoc,5
SR2_20171001_021147_000.wav,0.088,0.088,49,48.4,42.4,0,4.2,45,4,22,104.5,323.5,34,92.6,192000,N2,0.438,Myodau,5
SR2_20171001_030232_000.wav,0.094,0.132,43,44.2,28.5,0,3.3,20,2,7,16.8,31.2,7,10.7,192000,N2,0.438,noise,5
SR2_20171001_031844_000.wav,0.038,0.06,43,41.6,42.4,0,1.6,7,2,4,20.3,40.8,9,16.4,192000,N2,0.35,noise,5
SR2_20171001_033521_000.wav,0.046,0.02,34,40.5,36.8,0.3,0.4,1,33,33,77.3,77.3,20,45.6,192000,N2,0.274,Plaalb,5
SR2_20171001_033750_000.wav,0.01,0.03,26,26.2,28.5,0,0.1,1,3,3,22.6,22.6,10,18.9,192000,N2,0.118,Nycnoc,5
SR2_20171001_033842_000.wav,0.098,0.164,42,41.2,41.2,0.1,1.9,14,2,9,30.3,63.3,13,26.9,192000,N2,0.314,noise,5
SR2_20171001_033845_000.wav,0.064,0.116,42,37.1,41.2,0.3,1.5,8,3,4,29.8,71.6,13,27.2,192000,N2,0.4,noise,5
SR2_20171001_034741_000.wav,0.064,0.054,34,38.2,36.8,0.9,1.4,2,40,51,53.9,69.9,16,18.4,192000,N2,0.298,Plaalb,5
SR2_20171001_034942_000.wav,0.092,0.14,42,44.2,34.5,0.2,1,7,9,28,23,28.6,7,12.8,192000,N2,0.33,Plaalb,5
SR2_20171001_035426_000.wav,0.072,0.118,40,40.5,39.8,0,0.9,5,2,6,9.9,23.4,4,5.7,192000,N2,0.276,noise,5
SR2_20171001_041115_000.wav,0.146,0.164,15,15,7.5,0.1,0.8,4,3,5,14.6,14.8,5,12.2,192000,N2,0.176,noise,5
SR2_20171001_041133_000.wav,0.048,0.022,36,38.2,38.2,0.1,1.5,5,32,38,97.9,100.3,23,57.1,192000,N2,0.404,Plaalb,5
SR2_20171001_041158_000.wav,0.036,0.03,42,42,0,0.7,0.8,1,12,12,24.8,24.8,8,17,192000,N2,0.376,Plaalb,5
SR2_20171001_041202_000.wav,0.06,0.092,46,43.9,48.8,0.3,0.9,3,3,6,19.5,27.7,8,16.8,192000,N2,0.208,noise,5
SR2_20171001_041220_000.wav,0.058,0.132,39,39,39.8,0.3,1.9,5,2,13,18.7,31.1,9,13.2,192000,N2,0.242,noise,5
SR2_20171001_041328_000.wav,0.048,0.028,38,37.1,37.9,0,0.3,1,28,39,77.4,87.5,24,51.4,192000,N2,0.28,Plaalb,5
SR2_20171001_042550_000.wav,0.008,0.038,45,44.2,0,0,0.1,1,4,4,9.3,9.3,4,1,192000,N2,0.154,Phogri,5
SR2_20171001_043123_000.wav,0.006,0.018,53,53.2,53.2,0.7,0.8,1,0,0,26.3,26.3,6,10.4,192000,N2,0.184,noise,5
SR2_20171001_043141_000.wav,0.02,0.014,40,40.5,36,0,0.1,1,2,2,43.5,43.5,22,42.4,192000,N2,0.232,noise,5
SR2_20171001_052750_000.wav,0.002,0.292,8,8.2,9,1.3,1.4,1,2,2,15.3,15.3,7,0,192000,N2,0.292,Tetvir,5
SR2_20171001_052759_000.wav,0.106,0.198,35,33.8,33.8,0,4.4,60,1,10,29.2,57.4,12,23.2,192000,N2,0.632,noise,5
SR2_20171001_175701_000.wav,0.068,0.084,37,37.5,28.5,0,1.6,43,1,6,26.6,50.5,11,19.9,192000,N2,0.54,Plaalb,5
SR2_20171001_180616_000.wav,0.126,0.148,42,45.8,39.8,0,3.3,273,1,6,35.4,82.9,14,25.8,192000,N2,0.678,Plaalb,5
SR2_20171001_181435_000.wav,0.098,0.16,34,27.8,27.8,0,2.8,161,1,10,24.2,47.9,9,18.2,192000,N2,0.712,Plaalb,5
SR2_20171001_194902_000.wav,0.072,0.164,42,45.8,36.8,0,1.3,72,2,12,23.1,44.7,9,16.1,192000,N2,0.47,Plaalb,5
SR2_20171001_232337_000.wav,0.076,0.11,43,44.2,36.8,0,3.1,65,2,18,26.4,43.3,11,21.4,192000,N2,0.578,Plaalb,5
SR2_20171001_233604_000.wav,0.056,0.034,34,35.2,34.5,0,1.7,17,4,19,53.9,118.9,17,34.7,192000,N2,0.586,Barbar,5
SR2_20171002_000204_000.wav,0.054,0.146,45,47.2,46.1,0,3.1,168,2,10,34.3,65.5,13,28.1,192000,N2,0.49,Plaalb,5
SR2_20171002_000210_000.wav,0.032,0.036,28,27.8,27.8,0,1,3,0,5,20.5,21.7,4,12.4,192000,N2,0.436,noise,5
SR2_20171002_000217_000.wav,0.116,0.11,42,40.9,30,0.3,2.7,26,2,7,27.6,48.5,12,19.8,192000,N2,0.538,Plaalb,5
SR2_20171002_044432_000.wav,0.046,0.04,37,37.5,38.2,0.4,2.2,3,1,2,14.1,24.9,6,9.9,192000,N2,0.218,Myodau,5
SR2_20171002_180633_000.wav,0.06,0.132,45,44.2,39,0,2.5,228,1,2,59.1,151.3,26,54.5,192000,N2,0.49,noise,5
SR2_20171002_203141_000.wav,0.164,0.032,39,38.2,36.8,0.3,2.6,6,7,12,29.7,57.8,12,22.9,192000,N2,0.312,Leppun,5
SR2_20171002_230307_000.wav,0.018,0.002,63,61.5,63.8,0.6,0.7,1,2,2,11.2,11.2,3,0,192000,N2,0.138,Eptser,5
SR2_20171003_061633_000.wav,0.018,0.014,42,42,42,0,0.3,3,4,5,8.1,15.3,3,2.6,192000,N2,0.25,Pipnat,5
SR2_20171003_180700_000.wav,0.014,0.02,27,26.2,27,0.1,2.8,6,0,0,19.7,30.7,8,1.8,192000,N2,0.426,Plaalb,5
SR2_20171003_204401_000.wav,0.016,0.04,47,46.5,46.5,0,0.2,3,3,4,7.3,12.6,3,5.2,192000,N2,0.232,Pippip,5
SR2_20171003_234119_000.wav,0.056,0.076,50,52.5,50.2,0.2,2.5,7,4,8,14.9,45.7,7,11.2,192000,N2,0.184,noise,5
SR2_20171004_024114_000.wav,0.15,0.066,39,38.2,38.2,0.4,2.2,12,4,13,26.4,42.4,13,23,192000,N2,0.306,noise,5
SR2_20171004_041633_000.wav,0.038,0.046,69,68.6,54.8,0.3,2.1,3,1,5,20.2,43.3,9,13.2,192000,N2,0.34,noise,5
SR2_20171004_175106_000.wav,0.022,0.068,18,17.6,17.2,0.8,2.3,1,0,0,33.3,45.3,13,31.5,192000,N2,0.614,noise,5
SR2_20171004_175643_000.wav,0.036,0.084,13,13.5,9.8,0.3,1,4,1,1,36,57.9,17,32.5,192000,N2,0.636,noise,5
SR2_20171004_175647_000.wav,0.028,0.032,10,8.2,13.5,0.5,1.4,3,0,1,42.1,44.5,18,27.8,192000,N2,0.67,noise,5
SR2_20171004_185243_000.wav,0.056,0.04,36,34.9,35.6,0,2.2,4,3,9,13.8,19.9,4,6.9,192000,N2,0.426,noise,5
SR2_20171004_202339_000.wav,0.02,0.044,28,31.5,18.8,2.7,3.2,2,1,1,39.2,67.1,15,30,192000,N2,0.32,noise,5
SR2_20171004_211218_000.wav,0.016,0.118,15,14.2,14.2,1.4,1.5,1,4,4,5.4,5.4,2,3.2,192000,N2,0.23,noise,5
SR2_20171004_211253_000.wav,0.024,0.046,34,30.8,29.2,0.2,3.1,2,0,0,87.7,115.9,29,24.1,192000,N2,0.682,noise,5
SR2_20171005_021552_000.wav,0.016,0.05,16,15,16.5,1,1.1,1,0,0,23.6,23.6,6,12.9,192000,N2,0.436,noise,5
SR2_20171005_175506_000.wav,0.016,0.156,13,14.2,12,2.2,2.3,1,2,2,19.6,19.6,8,0,192000,N2,0.174,noise,5
SR2_20171005_185855_000.wav,0.016,0.026,42,42.8,0,0.3,0.4,1,2,2,9.4,9.4,4,9.4,192000,N2,0.134,Leppun,5
SR2_20171005_205516_000.wav,0.04,0.084,25,25.5,25.1,0.2,2.7,3,2,2,14.9,22.6,7,12.5,192000,N2,0.2,Plaalb,5
SR2_20171005_213858_000.wav,0.016,0.028,34,33.8,31.5,2.6,2.7,1,0,0,34,34,15,26.3,192000,N2,0.352,noise,5
SR2_20171005_221230_000.wav,0.04,0.022,16,15.8,0,2.1,2.2,1,1,1,36.7,36.7,17,34.7,192000,N2,0.328,noise,5
SR2_20171006_012240_000.wav,0,0,61,56.2,56.2,1.2,1.3,1,18,18,61.9,61.9,23,54.7,192000,N2,0.872,Pippyg,5
SR2_20171006_022630_000.wav,0.016,0.02,92,95.2,0,1.5,1.6,1,4,4,8,8,3,0,192000,N2,0.312,noise,5
SR2_20171006_023359_000.wav,0.032,0.09,26,25.5,21.8,0,2.9,5,3,6,11.3,17.2,4,8.5,192000,N2,0.23,noise,5
SR2_20171006_194121_000.wav,0.052,0.124,19,15,14.2,0,2.3,7,2,5,13.7,19,6,10.9,192000,N2,0.206,noise,5
SR2_20171007_005309_000.wav,0.112,0.108,21,19.9,20.2,0,1.9,8,3,10,11,32.8,4,7.1,192000,N2,0.268,Phogri,5
SR2_20171007_005314_000.wav,0.04,0.068,35,35.2,24.8,0.5,1.2,3,5,6,8.6,21.4,3,4.2,192000,N2,0.238,Plaalb,5
SR2_20171007_180823_000.wav,0.04,0.118,12,13.9,11.6,0.2,4.1,5,1,1,30.7,47.4,14,29.2,192000,N2,0.68,noise,5
SR2_20171007_192422_000.wav,0.01,0.01,24,24.8,24.8,0.7,0.8,1,1,1,15.2,15.2,8,2.4,192000,N2,0.18,Nycnoc,5
SR2_20171007_201725_000.wav,0.016,0.02,51,51,20.2,1,1.9,2,2,3,21,31.2,9,17.6,192000,N2,0.366,Pipnat,5
SR2_20171007_204004_000.wav,0.078,0.058,38,37.5,36,0,1.1,5,6,16,31.2,47.7,13,17.9,192000,N2,0.208,Leppun,5
SR2_20171007_223849_000.wav,0.066,0.078,37,36,35.2,0,3.2,14,2,20,15,72.2,6,8.5,192000,N2,0.284,noise,5
SR2_20171007_232602_000.wav,0.032,0.064,21,22.1,19.5,0.2,0.9,2,4,6,11.5,14.8,5,9,192000,N2,0.24,Nycnoc,5
SR2_20171009_000925_000.wav,0.064,0.062,37,37.9,33,0.7,2.2,4,2,8,15.9,17.2,7,12.2,192000,N2,0.174,noise,5
SR2_20171009_181249_000.wav,0.024,0.098,41,41.2,40.5,0.6,4.8,4,4,8,15.5,62.8,7,4.7,192000,N2,0.388,noise,5
SR2_20171009_213151_000.wav,0.014,0.014,33,34.5,33,4,4.1,3,7,7,24.1,32.1,10,20.5,192000,N2,0.512,Leppun,5
SR2_20171009_213156_000.wav,0.016,0.026,41,39.8,0,0.1,0.2,1,4,4,6.3,6.3,2,4.9,192000,N2,0.106,Pippip,5
SR2_20171009_231956_000.wav,0.038,0.31,13,13.1,12.8,0.7,1.4,3,27,66,25,36.1,6,1.8,192000,N2,0.31,Tetvir,5
SR2_20171010_000613_000.wav,0.008,0.012,26,25.5,25.5,1.9,2,1,5,5,13.5,13.5,5,11.4,192000,N2,0.136,bird,5
SR2_20171010_012616_000.wav,0.032,0.046,56,56.2,57,0.4,0.5,1,6,6,11.9,11.9,5,9.1,192000,N2,0.15,Pippyg,5
SR2_20171010_012750_000.wav,0.042,0.068,28,25.9,25.5,0.6,2.7,7,4,7,17.9,26.8,8,14.2,192000,N2,0.19,noise,5
SR2_20171010_023817_000.wav,0.018,0.056,34,34.5,34.5,0.1,1.1,2,0,3,17.8,19.9,4,13.8,192000,N2,0.22,noise,5
SR2_20171010_032840_000.wav,0.016,0.054,26,25.5,24.8,0.2,1.5,3,7,10,8.4,14.2,2,2.8,192000,N2,0.25,Plaalb,5
SR2_20171010_173815_000.wav,0.086,0.1,41,39.8,37.5,0,1.3,82,1,7,108.1,207.1,49,105.1,192000,N2,0.49,Plaalb,5
SR2_20171010_173915_000.wav,0.084,0.138,41,44.2,36,0,2.3,192,1,4,136.5,279.3,63,131.2,192000,N2,0.472,noise,5
SR2_20171010_183826_000.wav,0.024,0.058,33,33,33,0.5,2.7,21,3,18,27.5,62.3,9,20.5,192000,N2,0.696,Barbar,5
SR2_20171010_184923_000.wav,0.06,0.202,19,18.4,17.6,0,0.5,2,4,8,16.2,25.7,7,0,192000,N2,0.202,Tetvir,5
SR2_20171010_191141_000.wav,0.018,0.022,50,49.5,51,2.6,3.1,3,1,1,22.6,54.2,6,10.6,192000,N2,0.228,noise,5
SR2_20171010_191207_000.wav,0.032,0.056,51,52.5,49.5,0,2,3,2,3,24.1,56.3,10,14,192000,N2,0.23,Pippip,5
SR2_20171010_192538_000.wav,0.01,0.052,34,34.5,0,4.6,4.7,1,2,2,18.3,18.3,8,18.1,192000,N2,0.184,Phogri,5
SR2_20171010_192543_000.wav,0.02,0.07,17,17.2,18,0.2,1.3,3,0,1,15.6,44.9,5,14.6,192000,N2,0.386,noise,5
SR2_20171010_220458_000.wav,0.07,0.326,41,39.8,38.2,0,2.7,88,1,6,37.3,88.3,14,32.3,192000,N2,0.4,noise,5
SR2_20171011_042439_000.wav,0.006,0.02,56,54.8,58.5,0,2,9,3,5,241.7,409,89,165,192000,N2,0.374,Myonat,5
SR2_20171011_215136_000.wav,0.018,0.036,36,35.2,37.1,0.4,1.1,2,2,3,11.6,12.1,5,11,192000,N2,0.174,noise,5
SR2_20171011_220229_000.wav,0.022,0.048,41,36,35.2,0,0.4,6,1,2,36.6,72.1,15,34.6,192000,N2,0.334,Leppun,5
SR2_20171011_221501_000.wav,0.034,0.118,40,36,36,0,2.1,47,1,8,51.7,110.5,22,45.6,192000,N2,0.426,Plaalb,5
SR2_20171011_222059_000.wav,0.024,0.04,40,42.8,42.8,0,1.2,8,3,5,84,143.9,24,43.9,192000,N2,0.538,Barbar,5
SR2_20171011_230935_000.wav,0.064,0.05,55,54.4,54.8,0,1.8,4,2,3,17.3,26.4,7,12.5,192000,N2,0.178,Pippyg,5
SR2_20171012_011343_000.wav,0.048,0.09,23,24.8,25.9,0.6,2.1,3,9,12,18.8,23,5,12.9,192000,N2,0.272,noise,5
SR2_20171012_014016_000.wav,0.04,0.116,15,14.6,13.5,0.2,3.7,7,2,8,12,18.8,5,7.5,192000,N2,0.232,noise,5
SR2_20171012_034146_000.wav,0.032,0.24,27,27,16.9,0.2,3.1,6,1,3,19.1,37.4,7,11.3,192000,N2,0.542,noise,5
SR2_20171012_174742_000.wav,0.034,0.04,40,40.5,0,0.7,0.8,1,8,8,26.6,26.6,9,16.2,192000,N2,0.12,noise,5
SR2_20171012_191054_000.wav,0.096,0.128,24,15.8,14.2,0,1.6,7,4,12,13.3,41.9,6,9.7,192000,N2,0.272,noise,5
SR2_20171012_221739_000.wav,0.032,0.122,18,16.5,0,0,1.8,5,3,6,10.4,12.4,4,7.4,192000,N2,0.18,Phogri,5
SR2_20171013_012747_000.wav,0.044,0.116,26,25.5,14.2,0,2.8,8,2,4,11.5,21.9,5,1.4,192000,N2,0.232,Phogri,5
SR2_20171014_171432_000.wav,0.036,0.048,18,18.8,18.8,2.1,2.2,1,2,2,218.4,218.4,43,0,192000,N2,0.244,noise,5
SR2_20171014_171722_000.wav,0.008,0.05,36,36.4,36,0,1.5,1,1,1,16.3,16.3,5,8.4,192000,N2,0.13,Leppun,5
SR2_20171014_171948_000.wav,0.004,0.142,7,8.2,7.5,0.3,0.5,1,5,5,10.3,10.3,3,7,192000,N2,0.442,bird,5
SR2_20171014_173452_000.wav,0.006,0.07,18,17.2,18,0.2,0.3,1,4,4,15.2,15.2,6,6.5,192000,N2,0.392,bird,5
SR2_20171014_173910_000.wav,0.026,0.068,10,14.2,12.8,0.8,0.9,1,1,1,30.4,30.4,12,0,192000,N2,0.506,noise,5
SR2_20171014_174212_000.wav,0.112,0.134,47,48.8,42.8,0.3,1.4,35,2,7,26,183.5,10,18.7,192000,N2,0.526,noise,5
SR2_20171014_175310_000.wav,0.01,0.026,20,18.4,18.8,2.5,4,2,5,6,12.2,12.5,4,4.7,192000,N2,0.304,Nycnoc,5
SR2_20171014_182459_000.wav,0.016,0.042,39,39,0,1.7,1.8,1,5,5,8.9,8.9,4,8,192000,N2,0.092,Pippip,5
SR2_20171014_194331_000.wav,0.026,0.036,28,27.8,27.8,0.5,2.6,2,2,3,20,28,9,18.2,192000,N2,0.238,Phogri,5
SR2_20171014_221913_000.wav,0.03,0.048,35,34.5,33.8,0,2.7,5,3,4,11.1,15,4,9.3,192000,N2,0.148,Eptser,5
SR2_20171014_225120_000.wav,0.024,0.026,37,36.8,36.8,1.4,2.6,4,5,9,20,31,5,10.4,192000,N2,0.326,Barbar,5
SR2_20171014_232247_000.wav,0.046,0.08,38,36,36,0,2.7,10,3,7,18.1,45.7,8,10.8,192000,N2,0.268,noise,5
SR2_20171014_234252_000.wav,0.056,0.036,52,54,46.5,0.5,0.9,2,3,5,22.4,25,9,18.2,192000,N2,0.32,noise,5
SR2_20171015_031137_000.wav,0.066,0.036,39,38.2,36.8,0.1,1.9,4,3,10,15.8,58,6,14.1,192000,N2,0.168,noise,5
SR2_20171015_044213_000.wav,0.014,0.04,22,22.5,22.5,2.5,2.6,1,0,0,15,15,6,9.4,192000,N2,0.446,noise,5
SR2_20171015_171540_000.wav,0.002,0.116,7,8.2,8.2,1.3,1.4,1,2,2,13.8,13.8,5,5.6,192000,N2,0.294,bird,5
SR2_20171015_171557_000.wav,0.024,0.1,26,27,25.9,0.1,2.1,2,1,2,10.6,11.9,5,0.4,192000,N2,0.366,noise,5
SR2_20171015_173537_000.wav,0.018,0.05,26,21.8,23.2,0.9,1,1,1,1,13.3,13.3,5,11.8,192000,N2,0.236,noise,5
SR2_20171016_042031_000.wav,0.026,0.034,81,95.2,58.5,0.2,1.7,3,2,8,14.5,27.9,7,9.1,192000,N2,0.394,noise,5
SR2_20171016_171812_000.wav,0.026,0.04,15,15,17.2,2.6,2.7,1,1,1,14,14,7,13.2,192000,N2,0.48,noise,5
SR2_20171016_175438_000.wav,0.02,0.054,14,13.5,12.8,0.3,0.4,1,0,0,19.9,19.9,9,18.4,192000,N2,0.514,noise,5
SR2_20171016_235502_000.wav,0.038,0.02,53,57.8,47.2,0.7,0.8,1,5,5,38.4,38.4,14,32.6,192000,N2,0.152,Myodau,5
SR2_20171017_003018_000.wav,0.086,0.072,74,75,48,1.4,2.9,8,2,4,25.7,87.5,8,12.7,192000,N2,0.356,noise,5
SR2_20171017_022127_000.wav,0.072,0.164,56,57.8,57,0,4.9,18,1,9,23.6,51.8,10,16.9,192000,N2,0.462,noise,5
SR2_20171017_022132_000.wav,0.02,0.024,63,68.6,68.6,0.9,1.4,1,1,1,32.6,33.2,10,12.6,192000,N2,0.344,noise,5
SR2_20171017_192759_000.wav,0.016,0.03,37,35.2,0,0,0.1,1,2,2,6.2,6.2,2,5,192000,N2,0.2,Leppun,5
SR2_20171018_184053_000.wav,0.156,0.032,38,38.2,22.1,0.3,0.6,2,19,23,57,68,23,48.1,192000,N2,0.204,Myonat,5
SR2_20171018_200248_000.wav,0.034,0.038,36,36,35.6,0,1.8,2,3,6,16.1,18.1,6,14.2,192000,N2,0.24,Phogri,5
SR2_20171019_182824_000.wav,0.092,0.094,39,39.8,39.8,2.8,3,1,9,9,10.8,10.8,4,6.1,192000,N2,0.148,noise,5
SR2_20171020_001625_000.wav,0.024,0.02,47,54,43.9,0,1.8,16,2,3,200.5,260,75,147.1,192000,N2,0.48,Myonat,5
SR2_20171020_190442_000.wav,0.044,0.046,50,48.8,38.6,0.2,2.1,6,2,9,18.9,35.3,8,16.5,192000,N2,0.3,noise,5
SR2_20171020_233123_000.wav,0.022,0.028,52,47.2,45.8,0,4.1,45,6,23,72.4,152.9,25,65.4,192000,N2,0.728,Pippip,5
SR2_20171021_003711_000.wav,0.032,0.012,27,27,25.5,3.2,3.3,1,0,0,26.1,26.1,12,0,192000,N2,0.476,noise,5
SR2_20171021_052825_000.wav,0.01,0.012,38,36,35.2,0,0.1,1,12,12,39.5,39.5,14,30.7,192000,N2,0.328,Leppun,5
SR2_20171022_042334_000.wav,0.02,0.022,36,36.8,36,0.2,0.5,2,3,5,11.5,13.2,4,8.9,192000,N2,0.266,Pipnat,5
SR2_20171022_202512_000.wav,0.012,0.034,92,95.2,0,1.8,1.9,1,1,1,24.3,24.3,7,0,192000,N2,0.482,noise,5
SR2_20171023_204838_000.wav,0.034,0.1,33,36.8,29.2,0,3.2,95,1,2,44,69.7,21,42,192000,N2,0.73,Plaalb,5
SR2_20171023_221704_000.wav,0.026,0.064,34,34.5,34.5,0.1,2.9,21,0,2,28.1,35.1,12,21.5,192000,N2,0.536,Plaalb,5
SR2_20171023_223147_000.wav,0.002,0.012,18,18,18,0.7,0.8,1,3,3,13.3,13.3,4,7.8,192000,N2,0.368,Nycnoc,5
SR2_20171023_230805_000.wav,0.056,0.058,48,45.8,44.2,0,3.1,23,5,16,29.9,81,10,22.1,192000,N2,0.732,Pippip,5
SR2_20171023_233301_000.wav,0.018,0.022,37,36.8,40.5,1.7,1.8,1,2,2,16.9,16.9,6,3.9,192000,N2,0.188,Phogri,5
SR2_20171023_235758_000.wav,0.03,0.072,33,38.2,31.5,0,3.6,18,0,3,18.4,30.2,7,14,192000,N2,0.33,Plaalb,5
SR2_20171024_004540_000.wav,0.05,0.04,31,27.8,27,0,3.1,50,1,3,29.1,62.5,13,26.1,192000,N2,0.504,noise,5
SR2_20171024_171151_000.wav,0.052,0.054,32,28.5,28.5,0,1.2,29,0,1,38.4,68,16,30.7,192000,N2,0.59,Plaalb,5
SR2_20171024_171154_000.wav,0.07,0.046,33,29.2,29.2,0.1,2.4,36,0,2,32.1,62.8,15,17.9,192000,N2,0.536,Plaalb,5
SR2_20171024_172017_000.wav,0.084,0.064,33,33,32.6,0.1,3.5,37,0,2,40.8,62.8,19,32.6,192000,N2,0.476,Plaalb,5
SR2_20171024_173531_000.wav,0.044,0.062,33,32.2,31.5,0,4.8,496,0,2,67.7,116.5,29,56.6,192000,N2,0.752,Plaalb,5
SR2_20171024_182554_000.wav,0.096,0.11,35,36.8,36.8,0,1.6,114,0,2,31.3,61,14,26.3,192000,N2,0.648,Plaalb,5
SR2_20171024_185044_000.wav,0.068,0.086,30,27.8,27.8,0,2.6,83,0,2,30.2,54.5,13,23.2,192000,N2,0.778,Plaalb,5
SR2_20171024_195003_000.wav,0.03,0.042,45,40.5,39.8,0,3,35,8,43,47.1,158.4,15,33.8,192000,N2,0.542,Pipnat,5
SR2_20171025_210908_000.wav,0.018,0.046,44,42,23.2,3.1,3.8,2,2,4,13.3,15,6,10.4,192000,N2,0.26,Pippip,5
SR2_20171026_002630_000.wav,0.02,0.028,37,36.8,24.8,0.6,1,3,2,2,17.2,19.7,6,11.5,192000,N2,0.218,noise,5
SR2_20171026_044358_000.wav,0.016,0.028,34,33.8,0,2,2.1,1,2,2,7.2,7.2,3,6.3,192000,N2,0.228,Leppun,5
SR2_20171026_064650_000.wav,0.036,0.104,15,13.5,13.5,0.1,0.2,1,1,1,25.4,25.4,11,24.9,192000,N2,0.258,noise,5
SR2_20171026_220521_000.wav,0.056,0.048,67,69.4,66.4,0.2,0.3,2,6,10,22.9,27.2,8,18.9,192000,N2,0.314,noise,5
SR2_20171027_193606_000.wav,0.018,0.05,58,59.2,0,2,3.9,2,1,4,11.5,15.6,6,5.7,192000,N2,0.336,noise,5
SR2_20171027_205112_000.wav,0.038,0.088,26,25.9,25.1,0.6,1.3,3,1,2,16,16.6,7,13.8,192000,N2,0.33,Plaalb,5
SR2_20171030_041523_000.wav,0.048,0.054,43,43.9,40.1,0,1.2,8,3,5,12.2,23.4,5,6.6,192000,N2,0.3,noise,5
SR2_20171031_174118_000.wav,0.022,0.042,46,46.5,45.8,0,1.4,2,1,1,18.5,19.1,7,16.4,192000,N2,0.2,Pippip,5
SR2_20171031_175456_000.wav,0.036,0.02,50,49.5,48,1.2,1.3,1,3,3,17.3,17.3,8,17,192000,N2,0.22,Pippip,5
SR2_20171031_184125_000.wav,0.004,0.028,71,69,72.8,2.6,2.7,1,2,2,15.8,15.8,7,15.5,192000,N2,0.258,noise,5
SR2_20171031_190813_000.wav,0.018,0.038,53,52.5,52.9,0.1,1.2,4,3,9,13.4,17.3,5,10.5,192000,N2,0.28,Pippyg,5
SR2_20171031_201603_000.wav,0.014,0.042,55,55.1,32.6,1,3.1,1,1,2,16.3,21.4,8,15.6,192000,N2,0.202,Plaalb,5
SR2_20171031_210317_000.wav,0.006,0.052,56,55.5,55.5,1.3,1.4,1,2,2,6.1,6.1,3,5.7,192000,N2,0.212,noise,5
SR2_20171101_000930_000.wav,0.04,0.046,46,41.2,41.2,0.3,4.2,12,2,19,30.6,125.8,13,23.9,192000,N2,0.36,Pippip,5
SR2_20171101_201650_000.wav,0.01,0.038,64,63.8,64.1,2.6,3.9,1,1,1,15.2,16.8,7,13.8,192000,N2,0.314,Plaalb,5
SR2_20171120_231549_000.wav,0.014,0.104,13,12.4,11.6,1.6,4.1,1,2,2,31.3,34.9,13,25.9,192000,N2,0.542,noise,5
SR2_20171121_193128_000.wav,0.028,0.026,47,36.8,36.8,0,3.7,48,4,16,131.6,347.6,49,62.8,192000,N2,0.378,Myodau,5
SR2_20171121_220422_000.wav,0.064,0.092,50,51,50.2,0.5,2.8,7,1,4,20.5,47.7,6,16.5,192000,N2,0.326,Pippip,5
SR2_20171121_234339_000.wav,0.048,0.016,49,42,48,1,3.2,2,6,7,51.5,69.5,20,45,192000,N2,0.206,Pippip,5
SR2_20171122_040350_000.wav,0.048,0.036,47,46.5,44.2,0.1,2,2,2,2,11.8,20.7,6,11.3,192000,N2,0.28,Pippip,5
SR2_20171122_040912_000.wav,0.044,0.04,47,47.2,45.4,0,3.4,10,1,5,20.1,43.4,9,14.7,192000,N2,0.34,noise,5
SR2_20171122_044001_000.wav,0.028,0.038,46,50.2,50.2,0.9,1.3,3,5,6,38,46.4,18,34.4,192000,N2,0.326,noise,5
SR2_20171122_045553_000.wav,0.01,0.05,38,36,0,2.2,2.3,1,4,4,8,8,2,3.7,192000,N2,0.184,Leppun,5
SR2_20171122_175123_000.wav,0.028,0.03,53,51,24,1.2,1.3,1,2,2,18.4,19.9,7,14.5,192000,N2,0.222,Pippip,5
SR2_20171122_183911_000.wav,0.04,0.072,45,44.2,29.2,0.4,2.4,5,2,3,16.4,20.5,7,12.3,192000,N2,0.434,noise,5
SR2_20171123_173452_000.wav,0.034,0.052,49,51,0,0,1.3,5,1,5,24.7,37,10,21.7,192000,N2,0.264,noise,5
SR2_20171123_180229_000.wav,0.008,0.018,50,47.2,54.8,0,0.1,1,2,2,36,36,15,35,192000,N2,0.11,Leppun,5
SR2_20171125_064748_000.wav,0.058,0.108,37,35.2,34.5,0,0.3,3,13,13,95.9,100.9,36,87.3,192000,N2,0.122,noise,5
SR2_20171126_203437_000.wav,0.008,0.03,47,45,44.6,0,1.1,2,8,13,83.1,141.1,37,78.5,192000,N2,0.444,Pippip,5
SR2_20171126_204932_000.wav,0.042,0.07,49,48.8,48,0.7,2,5,3,7,19.3,29.9,7,15.5,192000,N2,0.296,noise,5
SR2_20170608_025135_000.wav,0.006,0.032,35,36,36,0.8,0.9,1,1,1,18.3,18.3,7,16.7,192000,N3,0.156,Barbar,5
SR2_20170928_182928_000.wav,0.01,0.058,41,39.4,19.1,1.9,2.4,1,2,2,14.2,14.3,5,5.8,192000,N3,0.26,Pipnat,5
SR2_20170929_234022_000.wav,0.044,0.072,54,54.8,56.2,0.6,1.4,4,7,9,8.8,15.1,3,7.3,192000,N3,0.186,Pippyg,5
SR2_20171001_021147_000.wav,0.012,0.086,15,15,14.2,1.6,1.7,1,6,6,21.1,21.1,9,17.6,192000,N3,0.184,noise,5
SR2_20171001_034942_000.wav,0.11,0.052,43,43.1,39.8,0.3,1.1,8,2,5,18.6,36.9,7,13.3,192000,N3,0.282,noise,5
SR2_20171001_175701_000.wav,0.032,0.052,41,36.8,36.8,0.2,1.4,2,1,9,37,38.6,7,10,192000,N3,0.446,noise,5
SR2_20171001_180616_000.wav,0.086,0.17,42,39.8,42,0.1,3.3,16,1,4,25.4,63.9,11,20.7,192000,N3,0.656,noise,5
SR2_20171001_181435_000.wav,0.04,0.136,36,33,39.8,1.2,2.7,2,2,4,16.2,27,6,4.8,192000,N3,0.264,noise,5
SR2_20171001_194902_000.wav,0.02,0.036,47,49.1,45.4,0.2,0.4,1,3,3,21.5,28.5,9,17.7,192000,N3,0.272,Pippip,5
SR2_20171001_232337_000.wav,0.072,0.06,41,36.8,37.5,0.1,3.6,7,2,3,31.3,36,14,28.3,192000,N3,0.444,noise,5
SR2_20171002_000204_000.wav,0.056,0.064,44,42,42.8,0,2.9,10,1,9,22.7,48.1,10,20.5,192000,N3,0.362,noise,5
SR2_20171002_000217_000.wav,0.104,0.04,47,47.2,49.1,2.2,2.7,4,2,3,30.3,67.3,14,28.9,192000,N3,0.31,noise,5
SR2_20171002_044432_000.wav,0.044,0.03,31,25.5,24.8,0,0.1,1,26,26,31.6,31.6,8,20.3,192000,N3,0.178,Plaalb,5
SR2_20171002_180633_000.wav,0.01,0.048,44,41.2,0,0.5,2.1,2,1,1,71.6,113.6,35,69.4,192000,N3,0.386,Plaalb,5
SR2_20171002_203141_000.wav,0.148,0.052,41,38.2,38.2,1.9,2.9,4,4,16,25.6,126.4,11,21.4,192000,N3,0.204,Myodau,5
SR2_20171007_005314_000.wav,0.024,0.056,36,36,18.4,0.7,1.5,2,2,3,7.5,11.8,3,6.5,192000,N3,0.226,noise,5
SR2_20171007_201725_000.wav,0.024,0.02,61,63,61.5,2,2.1,1,2,2,22.4,22.4,6,13.7,192000,N3,0.182,Pippyg,5
SR2_20171007_232602_000.wav,0.01,0.03,38,37.5,38.2,1.5,1.6,1,2,2,28.4,28.4,12,26.7,192000,N3,0.152,Pipnat,5
SR2_20171009_213151_000.wav,0.016,0.034,55,51.8,27.8,3.8,4,2,2,3,88.5,147.4,35,69,192000,N3,0.366,Pippip,5
SR2_20171010_032840_000.wav,0.056,0.042,44,43.1,25.5,1.4,1.9,2,3,4,27.5,41.9,13,26.5,192000,N3,0.184,noise,5
SR2_20171010_173815_000.wav,0.028,0.022,41,37.5,47.2,0,0.7,3,2,2,130.1,130.7,63,124.4,192000,N3,0.458,noise,5
SR2_20171010_183826_000.wav,0.012,0.05,32,32.6,32.6,1.4,1.7,2,4,5,15.1,16.9,6,6.7,192000,N3,0.138,bird,5
SR2_20171010_220458_000.wav,0.034,0.078,34,36.8,0,1.8,1.9,1,11,11,26,26,8,18.2,192000,N3,0.34,Plaalb,5
SR2_20171011_220229_000.wav,0.074,0.102,42,36,16.9,0,0.4,4,2,3,30.1,52.5,14,25.2,192000,N3,0.24,noise,5
SR2_20171011_221501_000.wav,0.022,0.028,50,49.5,48.8,1.1,1.2,1,0,0,21.4,21.4,10,20.6,192000,N3,0.262,noise,5
SR2_20171011_222059_000.wav,0.026,0.036,44,42.8,48,0.1,1.2,4,2,8,17,111.4,8,15.6,192000,N3,0.25,noise,5
SR2_20171011_230935_000.wav,0.15,0.056,37,36.8,17.2,0,1.4,6,8,10,17.6,43.7,6,11.3,192000,N3,0.168,Plaalb,5
SR2_20171012_221739_000.wav,0.01,0.018,39,36,43.5,0,0.1,1,1,1,17,17,7,0,192000,N3,0.138,Myodau,5
SR2_20171014_225120_000.wav,0.026,0.03,37,36.4,37.1,1.3,2.3,1,2,3,21.9,24.4,10,10.6,192000,N3,0.292,Pipnat,5
SR2_20171014_234252_000.wav,0.006,0,53,52.5,52.5,0.8,0.9,1,1,1,40.8,40.8,16,33.9,192000,N3,0.216,Pippip,5
SR2_20171015_173537_000.wav,0.004,0.014,57,56.2,43.5,1,1.2,1,108,108,81.1,81.1,20,40.3,192000,N3,0.192,Myodau,5
SR2_20171017_022127_000.wav,0.01,0.01,51,51,50.2,0.7,4.3,3,2,6,37.6,177.7,11,25.1,192000,N3,0.332,Myodau,5
SR2_20171017_022132_000.wav,0.006,0.012,47,45,45,0,0.1,1,1,1,48.5,48.5,20,41.3,192000,N3,0.164,Pipnat,5
SR2_20171018_184053_000.wav,0.196,0.064,37,37.5,0,0.5,0.6,2,5,7,15.2,19.7,5,5.4,192000,N3,0.196,Roeroe,5
SR2_20171018_200248_000.wav,0.022,0.046,26,26.2,26.2,1.7,1.8,1,10,10,11.3,11.3,1,2.9,192000,N3,0.148,Nycnoc,5
SR2_20171021_052825_000.wav,0.02,0.14,15,15,0,0.3,1.9,4,6,9,10.8,16.7,5,4.8,192000,N3,0.192,noise,5
SR2_20171022_042334_000.wav,0.038,0.074,28,25.9,25.1,2.2,2.3,2,4,6,14.7,15.2,5,3.5,192000,N3,0.156,Plaalb,5
SR2_20171024_171154_000.wav,0.034,0.028,40,39,42.8,2.2,2.3,1,1,1,16.6,16.6,8,2.4,192000,N3,0.246,noise,5
SR2_20171026_044358_000.wav,0.048,0.07,29,25.5,25.9,0,2.1,4,7,18,20.9,59.1,8,14.8,192000,N3,0.188,noise,5
SR2_20171027_205112_000.wav,0.032,0.16,15,15.4,18,0.7,1.3,2,3,4,18.2,24.3,7,1.8,192000,N3,0.16,Tetvir,5
SR2_20171030_041523_000.wav,0.02,0.03,41,35.2,47.2,0,0.1,1,15,15,17.7,17.7,5,0,192000,N3,0.154,Pippip,5
SR2_20171031_174118_000.wav,0.046,0.058,29,28.5,29.2,1.5,2,2,4,6,12.6,13.2,5,7.2,192000,N3,0.176,Eptser,5
SR2_20171031_190813_000.wav,0.09,0.152,19,17.2,19.1,1,1.6,1,12,13,16.2,20.5,5,0,192000,N3,0.25,Phogri,5
SR2_20171101_201650_000.wav,0.022,0.05,56,57.8,54.8,4.2,4.3,1,4,4,10.4,10.4,4,8.3,192000,N3,0.228,noise,5
SR2_20171121_220422_000.wav,0.06,0.064,26,25.5,25.5,0.7,2.3,5,1,4,16.9,20.5,7,8.5,192000,N3,0.246,noise,5
SR2_20171121_234339_000.wav,0.026,0.034,41,39.8,0,1.4,1.5,1,2,2,12.8,12.8,5,1.3,192000,N3,0.17,noise,5
SR2_20171122_040350_000.wav,0.012,0.018,53,54,0,0.6,0.7,1,1,1,42,42,22,40.8,192000,N3,0.152,noise,5
SR2_20171122_040912_000.wav,0.004,0.006,49,43.5,42,1.1,1.2,1,2,2,34.6,34.6,15,31.4,192000,N3,0.216,Myodau,5
SR2_20171122_045553_000.wav,0.018,0.054,48,45,0,0.1,0.2,1,1,1,15,15,7,14.9,192000,N3,0.162,noise,5
SR2_20171122_175123_000.wav,0.028,0.016,50,50.2,48.8,1.1,1.2,1,5,5,57.2,57.2,25,51.4,192000,N3,0.216,noise,5
SR2_20171122_183911_000.wav,0.004,0.002,48,40.9,44.6,2.7,3,2,12,14,258.5,290,108,233.6,192000,N3,0.39,Myodau,5
SR2_20171001_194902_000.wav,0.03,0.038,36,36,38.2,0.8,0.9,1,1,1,27.2,27.2,13,0,192000,N4,0.246,noise,5
SR2_20171002_000204_000.wav,0.01,0.012,43,33.8,32.2,1.8,2,1,41,41,106.3,106.3,37,81.4,192000,N4,0.154,Pleaur,5
SR2_20171002_203141_000.wav,0.022,0.044,56,54,0,0.3,0.4,1,3,3,6.2,6.2,2,4.2,192000,N4,0.168,noise,5
SR2_20171010_220458_000.wav,0.016,0.03,36,34.5,34.5,2.2,2.3,1,6,6,21.7,21.7,8,16.5,192000,N4,0.22,Barbar,5
SR2_20171014_225120_000.wav,0.024,0.062,24,24.8,25.5,0.8,2.4,2,2,3,14.1,19.5,6,5.6,192000,N4,0.188,noise,5
SR2_20171018_184053_000.wav,0.036,0.036,43,43.9,23.6,0.6,1.7,2,5,6,7.5,9.3,3,6.1,192000,N4,0.16,Pipnat,5
