"Nights","SunSets","SunRises","NightLength"
2016-01-01,2016-01-01 15:48:41,2016-01-02 08:07:09,16:18:00
2016-01-02,2016-01-02 15:49:47,2016-01-03 08:06:57,16:17:00
2016-01-03,2016-01-03 15:50:55,2016-01-04 08:06:42,16:16:00
2016-01-04,2016-01-04 15:52:06,2016-01-05 08:06:23,16:14:00
2016-01-05,2016-01-05 15:53:20,2016-01-06 08:06:01,16:13:00
2016-01-06,2016-01-06 15:54:37,2016-01-07 08:05:35,16:11:00
2016-01-07,2016-01-07 15:55:56,2016-01-08 08:05:06,16:09:00
2016-01-08,2016-01-08 15:57:18,2016-01-09 08:04:34,16:07:00
2016-01-09,2016-01-09 15:58:42,2016-01-10 08:03:58,16:05:00
2016-01-10,2016-01-10 16:00:08,2016-01-11 08:03:19,16:03:00
2016-01-11,2016-01-11 16:01:37,2016-01-12 08:02:36,16:01:00
2016-01-12,2016-01-12 16:03:07,2016-01-13 08:01:51,15:59:00
2016-01-13,2016-01-13 16:04:40,2016-01-14 08:01:02,15:56:00
2016-01-14,2016-01-14 16:06:14,2016-01-15 08:00:10,15:54:00
2016-01-15,2016-01-15 16:07:51,2016-01-16 07:59:15,15:51:00
2016-01-16,2016-01-16 16:09:29,2016-01-17 07:58:17,15:49:00
2016-01-17,2016-01-17 16:11:09,2016-01-18 07:57:16,15:46:00
2016-01-18,2016-01-18 16:12:50,2016-01-19 07:56:13,15:43:00
2016-01-19,2016-01-19 16:14:33,2016-01-20 07:55:06,15:41:00
2016-01-20,2016-01-20 16:16:17,2016-01-21 07:53:57,15:38:00
2016-01-21,2016-01-21 16:18:02,2016-01-22 07:52:45,15:35:00
2016-01-22,2016-01-22 16:19:48,2016-01-23 07:51:30,15:32:00
2016-01-23,2016-01-23 16:21:36,2016-01-24 07:50:13,15:29:00
2016-01-24,2016-01-24 16:23:25,2016-01-25 07:48:53,15:25:00
2016-01-25,2016-01-25 16:25:14,2016-01-26 07:47:30,15:22:00
2016-01-26,2016-01-26 16:27:05,2016-01-27 07:46:06,15:19:00
2016-01-27,2016-01-27 16:28:56,2016-01-28 07:44:39,15:16:00
2016-01-28,2016-01-28 16:30:48,2016-01-29 07:43:09,15:12:00
2016-01-29,2016-01-29 16:32:41,2016-01-30 07:41:38,15:09:00
2016-01-30,2016-01-30 16:34:34,2016-01-31 07:40:04,15:05:00
2016-01-31,2016-01-31 16:36:28,2016-02-01 07:38:28,15:02:00
2016-02-01,2016-02-01 16:38:22,2016-02-02 07:36:50,14:58:00
2016-02-02,2016-02-02 16:40:17,2016-02-03 07:35:10,14:55:00
2016-02-03,2016-02-03 16:42:12,2016-02-04 07:33:28,14:51:00
2016-02-04,2016-02-04 16:44:07,2016-02-05 07:31:44,14:48:00
2016-02-05,2016-02-05 16:46:03,2016-02-06 07:29:59,14:44:00
2016-02-06,2016-02-06 16:47:58,2016-02-07 07:28:11,14:40:00
2016-02-07,2016-02-07 16:49:54,2016-02-08 07:26:22,14:36:00
2016-02-08,2016-02-08 16:51:50,2016-02-09 07:24:31,14:33:00
2016-02-09,2016-02-09 16:53:46,2016-02-10 07:22:39,14:29:00
2016-02-10,2016-02-10 16:55:42,2016-02-11 07:20:45,14:25:00
2016-02-11,2016-02-11 16:57:38,2016-02-12 07:18:49,14:21:00
2016-02-12,2016-02-12 16:59:35,2016-02-13 07:16:52,14:17:00
2016-02-13,2016-02-13 17:01:30,2016-02-14 07:14:54,14:13:00
2016-02-14,2016-02-14 17:03:26,2016-02-15 07:12:54,14:09:00
2016-02-15,2016-02-15 17:05:22,2016-02-16 07:10:53,14:06:00
2016-02-16,2016-02-16 17:07:18,2016-02-17 07:08:50,14:02:00
2016-02-17,2016-02-17 17:09:13,2016-02-18 07:06:47,13:58:00
2016-02-18,2016-02-18 17:11:08,2016-02-19 07:04:42,13:54:00
2016-02-19,2016-02-19 17:13:03,2016-02-20 07:02:36,13:50:00
2016-02-20,2016-02-20 17:14:58,2016-02-21 07:00:29,13:46:00
2016-02-21,2016-02-21 17:16:52,2016-02-22 06:58:21,13:41:00
2016-02-22,2016-02-22 17:18:47,2016-02-23 06:56:12,13:37:00
2016-02-23,2016-02-23 17:20:41,2016-02-24 06:54:01,13:33:00
2016-02-24,2016-02-24 17:22:34,2016-02-25 06:51:50,13:29:00
2016-02-25,2016-02-25 17:24:28,2016-02-26 06:49:38,13:25:00
2016-02-26,2016-02-26 17:26:21,2016-02-27 06:47:25,13:21:00
2016-02-27,2016-02-27 17:28:14,2016-02-28 06:45:12,13:17:00
2016-02-28,2016-02-28 17:30:07,2016-02-29 06:42:57,13:13:00
2016-02-29,2016-02-29 17:31:59,2016-03-01 06:40:42,13:09:00
2016-03-01,2016-03-01 17:33:51,2016-03-02 06:38:26,13:05:00
2016-03-02,2016-03-02 17:35:43,2016-03-03 06:36:10,13:00:00
2016-03-03,2016-03-03 17:37:34,2016-03-04 06:33:52,12:56:00
2016-03-04,2016-03-04 17:39:25,2016-03-05 06:31:35,12:52:00
2016-03-05,2016-03-05 17:41:16,2016-03-06 06:29:16,12:48:00
2016-03-06,2016-03-06 17:43:07,2016-03-07 06:26:57,12:44:00
2016-03-07,2016-03-07 17:44:57,2016-03-08 06:24:38,12:40:00
2016-03-08,2016-03-08 17:46:47,2016-03-09 06:22:18,12:36:00
2016-03-09,2016-03-09 17:48:37,2016-03-10 06:19:58,12:31:00
2016-03-10,2016-03-10 17:50:27,2016-03-11 06:17:37,12:27:00
2016-03-11,2016-03-11 17:52:16,2016-03-12 06:15:16,12:23:00
2016-03-12,2016-03-12 17:54:05,2016-03-13 06:12:55,12:19:00
2016-03-13,2016-03-13 17:55:54,2016-03-14 06:10:33,12:15:00
2016-03-14,2016-03-14 17:57:43,2016-03-15 06:08:11,12:10:00
2016-03-15,2016-03-15 17:59:31,2016-03-16 06:05:49,12:06:00
2016-03-16,2016-03-16 18:01:19,2016-03-17 06:03:27,12:02:00
2016-03-17,2016-03-17 18:03:07,2016-03-18 06:01:04,11:58:00
2016-03-18,2016-03-18 18:04:55,2016-03-19 05:58:42,11:54:00
2016-03-19,2016-03-19 18:06:43,2016-03-20 05:56:19,11:50:00
2016-03-20,2016-03-20 18:08:31,2016-03-21 05:53:56,11:45:00
2016-03-21,2016-03-21 18:10:18,2016-03-22 05:51:33,11:41:00
2016-03-22,2016-03-22 18:12:06,2016-03-23 05:49:10,11:37:00
2016-03-23,2016-03-23 18:13:53,2016-03-24 05:46:47,11:33:00
2016-03-24,2016-03-24 18:15:40,2016-03-25 05:44:24,11:29:00
2016-03-25,2016-03-25 18:17:27,2016-03-26 05:42:01,11:25:00
2016-03-26,2016-03-26 18:19:14,2016-03-27 05:39:38,11:20:00
2016-03-27,2016-03-27 18:21:01,2016-03-28 05:37:16,11:16:00
2016-03-28,2016-03-28 18:22:48,2016-03-29 05:34:53,11:12:00
2016-03-29,2016-03-29 18:24:34,2016-03-30 05:32:31,11:08:00
2016-03-30,2016-03-30 18:26:21,2016-03-31 05:30:09,11:04:00
2016-03-31,2016-03-31 18:28:08,2016-04-01 05:27:47,11:00:00
2016-04-01,2016-04-01 18:29:54,2016-04-02 05:25:25,10:56:00
2016-04-02,2016-04-02 18:31:41,2016-04-03 05:23:04,10:51:00
2016-04-03,2016-04-03 18:33:28,2016-04-04 05:20:43,10:47:00
2016-04-04,2016-04-04 18:35:14,2016-04-05 05:18:22,10:43:00
2016-04-05,2016-04-05 18:37:01,2016-04-06 05:16:02,10:39:00
2016-04-06,2016-04-06 18:38:47,2016-04-07 05:13:42,10:35:00
2016-04-07,2016-04-07 18:40:34,2016-04-08 05:11:23,10:31:00
2016-04-08,2016-04-08 18:42:20,2016-04-09 05:09:04,10:27:00
2016-04-09,2016-04-09 18:44:07,2016-04-10 05:06:46,10:23:00
2016-04-10,2016-04-10 18:45:54,2016-04-11 05:04:28,10:19:00
2016-04-11,2016-04-11 18:47:40,2016-04-12 05:02:11,10:15:00
2016-04-12,2016-04-12 18:49:27,2016-04-13 04:59:54,10:10:00
2016-04-13,2016-04-13 18:51:13,2016-04-14 04:57:38,10:06:00
2016-04-14,2016-04-14 18:53:00,2016-04-15 04:55:23,10:02:00
2016-04-15,2016-04-15 18:54:46,2016-04-16 04:53:09,09:58:00
2016-04-16,2016-04-16 18:56:33,2016-04-17 04:50:55,09:54:00
2016-04-17,2016-04-17 18:58:19,2016-04-18 04:48:42,09:50:00
2016-04-18,2016-04-18 19:00:06,2016-04-19 04:46:30,09:46:00
2016-04-19,2016-04-19 19:01:52,2016-04-20 04:44:19,09:42:00
2016-04-20,2016-04-20 19:03:39,2016-04-21 04:42:08,09:38:00
2016-04-21,2016-04-21 19:05:25,2016-04-22 04:39:59,09:35:00
2016-04-22,2016-04-22 19:07:11,2016-04-23 04:37:50,09:31:00
2016-04-23,2016-04-23 19:08:57,2016-04-24 04:35:43,09:27:00
2016-04-24,2016-04-24 19:10:43,2016-04-25 04:33:37,09:23:00
2016-04-25,2016-04-25 19:12:29,2016-04-26 04:31:32,09:19:00
2016-04-26,2016-04-26 19:14:15,2016-04-27 04:29:28,09:15:00
2016-04-27,2016-04-27 19:16:00,2016-04-28 04:27:25,09:11:00
2016-04-28,2016-04-28 19:17:45,2016-04-29 04:25:23,09:08:00
2016-04-29,2016-04-29 19:19:30,2016-04-30 04:23:23,09:04:00
2016-04-30,2016-04-30 19:21:15,2016-05-01 04:21:24,09:00:00
2016-05-01,2016-05-01 19:23:00,2016-05-02 04:19:26,08:56:00
2016-05-02,2016-05-02 19:24:44,2016-05-03 04:17:30,08:53:00
2016-05-03,2016-05-03 19:26:28,2016-05-04 04:15:36,08:49:00
2016-05-04,2016-05-04 19:28:11,2016-05-05 04:13:43,08:46:00
2016-05-05,2016-05-05 19:29:54,2016-05-06 04:11:51,08:42:00
2016-05-06,2016-05-06 19:31:36,2016-05-07 04:10:01,08:38:00
2016-05-07,2016-05-07 19:33:18,2016-05-08 04:08:13,08:35:00
2016-05-08,2016-05-08 19:35:00,2016-05-09 04:06:26,08:31:00
2016-05-09,2016-05-09 19:36:40,2016-05-10 04:04:41,08:28:00
2016-05-10,2016-05-10 19:38:20,2016-05-11 04:02:58,08:25:00
2016-05-11,2016-05-11 19:40:00,2016-05-12 04:01:17,08:21:00
2016-05-12,2016-05-12 19:41:38,2016-05-13 03:59:38,08:18:00
2016-05-13,2016-05-13 19:43:16,2016-05-14 03:58:01,08:15:00
2016-05-14,2016-05-14 19:44:53,2016-05-15 03:56:26,08:12:00
2016-05-15,2016-05-15 19:46:28,2016-05-16 03:54:53,08:08:00
2016-05-16,2016-05-16 19:48:03,2016-05-17 03:53:22,08:05:00
2016-05-17,2016-05-17 19:49:37,2016-05-18 03:51:53,08:02:00
2016-05-18,2016-05-18 19:51:09,2016-05-19 03:50:27,07:59:00
2016-05-19,2016-05-19 19:52:41,2016-05-20 03:49:03,07:56:00
2016-05-20,2016-05-20 19:54:11,2016-05-21 03:47:41,07:54:00
2016-05-21,2016-05-21 19:55:40,2016-05-22 03:46:22,07:51:00
2016-05-22,2016-05-22 19:57:07,2016-05-23 03:45:05,07:48:00
2016-05-23,2016-05-23 19:58:33,2016-05-24 03:43:51,07:45:00
2016-05-24,2016-05-24 19:59:57,2016-05-25 03:42:39,07:43:00
2016-05-25,2016-05-25 20:01:19,2016-05-26 03:41:30,07:40:00
2016-05-26,2016-05-26 20:02:40,2016-05-27 03:40:24,07:38:00
2016-05-27,2016-05-27 20:03:59,2016-05-28 03:39:20,07:35:00
2016-05-28,2016-05-28 20:05:16,2016-05-29 03:38:19,07:33:00
2016-05-29,2016-05-29 20:06:32,2016-05-30 03:37:22,07:31:00
2016-05-30,2016-05-30 20:07:45,2016-05-31 03:36:26,07:29:00
2016-05-31,2016-05-31 20:08:56,2016-06-01 03:35:34,07:27:00
2016-06-01,2016-06-01 20:10:05,2016-06-02 03:34:45,07:25:00
2016-06-02,2016-06-02 20:11:11,2016-06-03 03:33:59,07:23:00
2016-06-03,2016-06-03 20:12:15,2016-06-04 03:33:16,07:21:00
2016-06-04,2016-06-04 20:13:17,2016-06-05 03:32:36,07:19:00
2016-06-05,2016-06-05 20:14:17,2016-06-06 03:31:59,07:18:00
2016-06-06,2016-06-06 20:15:13,2016-06-07 03:31:25,07:16:00
2016-06-07,2016-06-07 20:16:08,2016-06-08 03:30:55,07:15:00
2016-06-08,2016-06-08 20:16:59,2016-06-09 03:30:28,07:13:00
2016-06-09,2016-06-09 20:17:48,2016-06-10 03:30:04,07:12:00
2016-06-10,2016-06-10 20:18:34,2016-06-11 03:29:43,07:11:00
2016-06-11,2016-06-11 20:19:17,2016-06-12 03:29:25,07:10:00
2016-06-12,2016-06-12 20:19:57,2016-06-13 03:29:11,07:09:00
2016-06-13,2016-06-13 20:20:34,2016-06-14 03:29:00,07:08:00
2016-06-14,2016-06-14 20:21:08,2016-06-15 03:28:53,07:08:00
2016-06-15,2016-06-15 20:21:39,2016-06-16 03:28:48,07:07:00
2016-06-16,2016-06-16 20:22:07,2016-06-17 03:28:47,07:07:00
2016-06-17,2016-06-17 20:22:32,2016-06-18 03:28:50,07:06:00
2016-06-18,2016-06-18 20:22:53,2016-06-19 03:28:55,07:06:00
2016-06-19,2016-06-19 20:23:11,2016-06-20 03:29:04,07:06:00
2016-06-20,2016-06-20 20:23:26,2016-06-21 03:29:16,07:06:00
2016-06-21,2016-06-21 20:23:38,2016-06-22 03:29:31,07:06:00
2016-06-22,2016-06-22 20:23:46,2016-06-23 03:29:50,07:06:00
2016-06-23,2016-06-23 20:23:51,2016-06-24 03:30:12,07:06:00
2016-06-24,2016-06-24 20:23:53,2016-06-25 03:30:37,07:07:00
2016-06-25,2016-06-25 20:23:51,2016-06-26 03:31:04,07:07:00
2016-06-26,2016-06-26 20:23:46,2016-06-27 03:31:35,07:08:00
2016-06-27,2016-06-27 20:23:38,2016-06-28 03:32:09,07:09:00
2016-06-28,2016-06-28 20:23:26,2016-06-29 03:32:46,07:09:00
2016-06-29,2016-06-29 20:23:11,2016-06-30 03:33:26,07:10:00
2016-06-30,2016-06-30 20:22:53,2016-07-01 03:34:09,07:11:00
2016-07-01,2016-07-01 20:22:31,2016-07-02 03:34:54,07:12:00
2016-07-02,2016-07-02 20:22:06,2016-07-03 03:35:42,07:14:00
2016-07-03,2016-07-03 20:21:38,2016-07-04 03:36:33,07:15:00
2016-07-04,2016-07-04 20:21:06,2016-07-05 03:37:27,07:16:00
2016-07-05,2016-07-05 20:20:32,2016-07-06 03:38:23,07:18:00
2016-07-06,2016-07-06 20:19:54,2016-07-07 03:39:21,07:19:00
2016-07-07,2016-07-07 20:19:13,2016-07-08 03:40:22,07:21:00
2016-07-08,2016-07-08 20:18:28,2016-07-09 03:41:25,07:23:00
2016-07-09,2016-07-09 20:17:41,2016-07-10 03:42:30,07:25:00
2016-07-10,2016-07-10 20:16:51,2016-07-11 03:43:38,07:27:00
2016-07-11,2016-07-11 20:15:58,2016-07-12 03:44:47,07:29:00
2016-07-12,2016-07-12 20:15:01,2016-07-13 03:45:59,07:31:00
2016-07-13,2016-07-13 20:14:02,2016-07-14 03:47:13,07:33:00
2016-07-14,2016-07-14 20:13:00,2016-07-15 03:48:28,07:35:00
2016-07-15,2016-07-15 20:11:55,2016-07-16 03:49:45,07:38:00
2016-07-16,2016-07-16 20:10:48,2016-07-17 03:51:04,07:40:00
2016-07-17,2016-07-17 20:09:38,2016-07-18 03:52:25,07:43:00
2016-07-18,2016-07-18 20:08:25,2016-07-19 03:53:47,07:45:00
2016-07-19,2016-07-19 20:07:09,2016-07-20 03:55:10,07:48:00
2016-07-20,2016-07-20 20:05:51,2016-07-21 03:56:35,07:51:00
2016-07-21,2016-07-21 20:04:31,2016-07-22 03:58:01,07:54:00
2016-07-22,2016-07-22 20:03:08,2016-07-23 03:59:29,07:56:00
2016-07-23,2016-07-23 20:01:43,2016-07-24 04:00:57,07:59:00
2016-07-24,2016-07-24 20:00:15,2016-07-25 04:02:27,08:02:00
2016-07-25,2016-07-25 19:58:45,2016-07-26 04:03:58,08:05:00
2016-07-26,2016-07-26 19:57:13,2016-07-27 04:05:30,08:08:00
2016-07-27,2016-07-27 19:55:39,2016-07-28 04:07:03,08:11:00
2016-07-28,2016-07-28 19:54:03,2016-07-29 04:08:37,08:15:00
2016-07-29,2016-07-29 19:52:24,2016-07-30 04:10:11,08:18:00
2016-07-30,2016-07-30 19:50:44,2016-07-31 04:11:46,08:21:00
2016-07-31,2016-07-31 19:49:02,2016-08-01 04:13:22,08:24:00
2016-08-01,2016-08-01 19:47:18,2016-08-02 04:14:59,08:28:00
2016-08-02,2016-08-02 19:45:32,2016-08-03 04:16:36,08:31:00
2016-08-03,2016-08-03 19:43:44,2016-08-04 04:18:14,08:34:00
2016-08-04,2016-08-04 19:41:55,2016-08-05 04:19:52,08:38:00
2016-08-05,2016-08-05 19:40:04,2016-08-06 04:21:31,08:41:00
2016-08-06,2016-08-06 19:38:11,2016-08-07 04:23:10,08:45:00
2016-08-07,2016-08-07 19:36:17,2016-08-08 04:24:50,08:49:00
2016-08-08,2016-08-08 19:34:21,2016-08-09 04:26:30,08:52:00
2016-08-09,2016-08-09 19:32:24,2016-08-10 04:28:10,08:56:00
2016-08-10,2016-08-10 19:30:25,2016-08-11 04:29:50,08:59:00
2016-08-11,2016-08-11 19:28:25,2016-08-12 04:31:31,09:03:00
2016-08-12,2016-08-12 19:26:23,2016-08-13 04:33:12,09:07:00
2016-08-13,2016-08-13 19:24:21,2016-08-14 04:34:53,09:11:00
2016-08-14,2016-08-14 19:22:17,2016-08-15 04:36:34,09:14:00
2016-08-15,2016-08-15 19:20:12,2016-08-16 04:38:16,09:18:00
2016-08-16,2016-08-16 19:18:05,2016-08-17 04:39:57,09:22:00
2016-08-17,2016-08-17 19:15:58,2016-08-18 04:41:39,09:26:00
2016-08-18,2016-08-18 19:13:50,2016-08-19 04:43:21,09:30:00
2016-08-19,2016-08-19 19:11:40,2016-08-20 04:45:02,09:33:00
2016-08-20,2016-08-20 19:09:30,2016-08-21 04:46:44,09:37:00
2016-08-21,2016-08-21 19:07:18,2016-08-22 04:48:26,09:41:00
2016-08-22,2016-08-22 19:05:06,2016-08-23 04:50:08,09:45:00
2016-08-23,2016-08-23 19:02:53,2016-08-24 04:51:50,09:49:00
2016-08-24,2016-08-24 19:00:39,2016-08-25 04:53:31,09:53:00
2016-08-25,2016-08-25 18:58:24,2016-08-26 04:55:13,09:57:00
2016-08-26,2016-08-26 18:56:08,2016-08-27 04:56:55,10:01:00
2016-08-27,2016-08-27 18:53:52,2016-08-28 04:58:37,10:05:00
2016-08-28,2016-08-28 18:51:35,2016-08-29 05:00:19,10:09:00
2016-08-29,2016-08-29 18:49:17,2016-08-30 05:02:00,10:13:00
2016-08-30,2016-08-30 18:46:59,2016-08-31 05:03:42,10:17:00
2016-08-31,2016-08-31 18:44:40,2016-09-01 05:05:24,10:21:00
2016-09-01,2016-09-01 18:42:20,2016-09-02 05:07:06,10:25:00
2016-09-02,2016-09-02 18:40:00,2016-09-03 05:08:47,10:29:00
2016-09-03,2016-09-03 18:37:40,2016-09-04 05:10:29,10:33:00
2016-09-04,2016-09-04 18:35:19,2016-09-05 05:12:10,10:37:00
2016-09-05,2016-09-05 18:32:58,2016-09-06 05:13:52,10:41:00
2016-09-06,2016-09-06 18:30:36,2016-09-07 05:15:33,10:45:00
2016-09-07,2016-09-07 18:28:14,2016-09-08 05:17:15,10:49:00
2016-09-08,2016-09-08 18:25:51,2016-09-09 05:18:56,10:53:00
2016-09-09,2016-09-09 18:23:28,2016-09-10 05:20:38,10:57:00
2016-09-10,2016-09-10 18:21:05,2016-09-11 05:22:20,11:01:00
2016-09-11,2016-09-11 18:18:42,2016-09-12 05:24:01,11:05:00
2016-09-12,2016-09-12 18:16:18,2016-09-13 05:25:43,11:09:00
2016-09-13,2016-09-13 18:13:54,2016-09-14 05:27:24,11:13:00
2016-09-14,2016-09-14 18:11:30,2016-09-15 05:29:06,11:18:00
2016-09-15,2016-09-15 18:09:06,2016-09-16 05:30:48,11:22:00
2016-09-16,2016-09-16 18:06:42,2016-09-17 05:32:29,11:26:00
2016-09-17,2016-09-17 18:04:18,2016-09-18 05:34:11,11:30:00
2016-09-18,2016-09-18 18:01:53,2016-09-19 05:35:53,11:34:00
2016-09-19,2016-09-19 17:59:29,2016-09-20 05:37:35,11:38:00
2016-09-20,2016-09-20 17:57:05,2016-09-21 05:39:18,11:42:00
2016-09-21,2016-09-21 17:54:40,2016-09-22 05:41:00,11:46:00
2016-09-22,2016-09-22 17:52:16,2016-09-23 05:42:42,11:50:00
2016-09-23,2016-09-23 17:49:52,2016-09-24 05:44:25,11:55:00
2016-09-24,2016-09-24 17:47:28,2016-09-25 05:46:08,11:59:00
2016-09-25,2016-09-25 17:45:04,2016-09-26 05:47:51,12:03:00
2016-09-26,2016-09-26 17:42:40,2016-09-27 05:49:34,12:07:00
2016-09-27,2016-09-27 17:40:17,2016-09-28 05:51:17,12:11:00
2016-09-28,2016-09-28 17:37:53,2016-09-29 05:53:00,12:15:00
2016-09-29,2016-09-29 17:35:30,2016-09-30 05:54:44,12:19:00
2016-09-30,2016-09-30 17:33:07,2016-10-01 05:56:28,12:23:00
2016-10-01,2016-10-01 17:30:45,2016-10-02 05:58:12,12:27:00
2016-10-02,2016-10-02 17:28:23,2016-10-03 05:59:57,12:32:00
2016-10-03,2016-10-03 17:26:01,2016-10-04 06:01:41,12:36:00
2016-10-04,2016-10-04 17:23:40,2016-10-05 06:03:26,12:40:00
2016-10-05,2016-10-05 17:21:19,2016-10-06 06:05:11,12:44:00
2016-10-06,2016-10-06 17:18:59,2016-10-07 06:06:57,12:48:00
2016-10-07,2016-10-07 17:16:39,2016-10-08 06:08:43,12:52:00
2016-10-08,2016-10-08 17:14:20,2016-10-09 06:10:29,12:56:00
2016-10-09,2016-10-09 17:12:01,2016-10-10 06:12:15,13:00:00
2016-10-10,2016-10-10 17:09:43,2016-10-11 06:14:02,13:04:00
2016-10-11,2016-10-11 17:07:26,2016-10-12 06:15:49,13:08:00
2016-10-12,2016-10-12 17:05:09,2016-10-13 06:17:36,13:12:00
2016-10-13,2016-10-13 17:02:53,2016-10-14 06:19:23,13:17:00
2016-10-14,2016-10-14 17:00:38,2016-10-15 06:21:11,13:21:00
2016-10-15,2016-10-15 16:58:23,2016-10-16 06:23:00,13:25:00
2016-10-16,2016-10-16 16:56:10,2016-10-17 06:24:48,13:29:00
2016-10-17,2016-10-17 16:53:57,2016-10-18 06:26:37,13:33:00
2016-10-18,2016-10-18 16:51:45,2016-10-19 06:28:26,13:37:00
2016-10-19,2016-10-19 16:49:34,2016-10-20 06:30:16,13:41:00
2016-10-20,2016-10-20 16:47:24,2016-10-21 06:32:05,13:45:00
2016-10-21,2016-10-21 16:45:16,2016-10-22 06:33:55,13:49:00
2016-10-22,2016-10-22 16:43:08,2016-10-23 06:35:46,13:53:00
2016-10-23,2016-10-23 16:41:01,2016-10-24 06:37:36,13:57:00
2016-10-24,2016-10-24 16:38:56,2016-10-25 06:39:27,14:01:00
2016-10-25,2016-10-25 16:36:52,2016-10-26 06:41:18,14:04:00
2016-10-26,2016-10-26 16:34:49,2016-10-27 06:43:09,14:08:00
2016-10-27,2016-10-27 16:32:47,2016-10-28 06:45:01,14:12:00
2016-10-28,2016-10-28 16:30:47,2016-10-29 06:46:52,14:16:00
2016-10-29,2016-10-29 16:28:48,2016-10-30 06:48:44,14:20:00
2016-10-30,2016-10-30 16:26:50,2016-10-31 06:50:36,14:24:00
2016-10-31,2016-10-31 16:24:54,2016-11-01 06:52:28,14:28:00
2016-11-01,2016-11-01 16:23:00,2016-11-02 06:54:20,14:31:00
2016-11-02,2016-11-02 16:21:07,2016-11-03 06:56:12,14:35:00
2016-11-03,2016-11-03 16:19:16,2016-11-04 06:58:04,14:39:00
2016-11-04,2016-11-04 16:17:26,2016-11-05 06:59:55,14:42:00
2016-11-05,2016-11-05 16:15:39,2016-11-06 07:01:47,14:46:00
2016-11-06,2016-11-06 16:13:53,2016-11-07 07:03:39,14:50:00
2016-11-07,2016-11-07 16:12:08,2016-11-08 07:05:30,14:53:00
2016-11-08,2016-11-08 16:10:26,2016-11-09 07:07:22,14:57:00
2016-11-09,2016-11-09 16:08:46,2016-11-10 07:09:12,15:00:00
2016-11-10,2016-11-10 16:07:08,2016-11-11 07:11:03,15:04:00
2016-11-11,2016-11-11 16:05:32,2016-11-12 07:12:53,15:07:00
2016-11-12,2016-11-12 16:03:58,2016-11-13 07:14:43,15:11:00
2016-11-13,2016-11-13 16:02:26,2016-11-14 07:16:32,15:14:00
2016-11-14,2016-11-14 16:00:57,2016-11-15 07:18:21,15:17:00
2016-11-15,2016-11-15 15:59:30,2016-11-16 07:20:08,15:21:00
2016-11-16,2016-11-16 15:58:05,2016-11-17 07:21:56,15:24:00
2016-11-17,2016-11-17 15:56:42,2016-11-18 07:23:42,15:27:00
2016-11-18,2016-11-18 15:55:23,2016-11-19 07:25:27,15:30:00
2016-11-19,2016-11-19 15:54:05,2016-11-20 07:27:12,15:33:00
2016-11-20,2016-11-20 15:52:51,2016-11-21 07:28:55,15:36:00
2016-11-21,2016-11-21 15:51:39,2016-11-22 07:30:37,15:39:00
2016-11-22,2016-11-22 15:50:29,2016-11-23 07:32:19,15:42:00
2016-11-23,2016-11-23 15:49:23,2016-11-24 07:33:58,15:45:00
2016-11-24,2016-11-24 15:48:19,2016-11-25 07:35:37,15:47:00
2016-11-25,2016-11-25 15:47:19,2016-11-26 07:37:14,15:50:00
2016-11-26,2016-11-26 15:46:21,2016-11-27 07:38:49,15:52:00
2016-11-27,2016-11-27 15:45:26,2016-11-28 07:40:23,15:55:00
2016-11-28,2016-11-28 15:44:35,2016-11-29 07:41:54,15:57:00
2016-11-29,2016-11-29 15:43:46,2016-11-30 07:43:25,16:00:00
2016-11-30,2016-11-30 15:43:01,2016-12-01 07:44:53,16:02:00
2016-12-01,2016-12-01 15:42:19,2016-12-02 07:46:19,16:04:00
2016-12-02,2016-12-02 15:41:40,2016-12-03 07:47:43,16:06:00
2016-12-03,2016-12-03 15:41:05,2016-12-04 07:49:04,16:08:00
2016-12-04,2016-12-04 15:40:33,2016-12-05 07:50:24,16:10:00
2016-12-05,2016-12-05 15:40:04,2016-12-06 07:51:41,16:12:00
2016-12-06,2016-12-06 15:39:39,2016-12-07 07:52:55,16:13:00
2016-12-07,2016-12-07 15:39:17,2016-12-08 07:54:07,16:15:00
2016-12-08,2016-12-08 15:38:59,2016-12-09 07:55:17,16:16:00
2016-12-09,2016-12-09 15:38:45,2016-12-10 07:56:23,16:18:00
2016-12-10,2016-12-10 15:38:34,2016-12-11 07:57:27,16:19:00
2016-12-11,2016-12-11 15:38:26,2016-12-12 07:58:28,16:20:00
2016-12-12,2016-12-12 15:38:22,2016-12-13 07:59:26,16:21:00
2016-12-13,2016-12-13 15:38:22,2016-12-14 08:00:21,16:22:00
2016-12-14,2016-12-14 15:38:26,2016-12-15 08:01:12,16:23:00
2016-12-15,2016-12-15 15:38:33,2016-12-16 08:02:01,16:23:00
2016-12-16,2016-12-16 15:38:43,2016-12-17 08:02:46,16:24:00
2016-12-17,2016-12-17 15:38:58,2016-12-18 08:03:28,16:25:00
2016-12-18,2016-12-18 15:39:16,2016-12-19 08:04:07,16:25:00
2016-12-19,2016-12-19 15:39:37,2016-12-20 08:04:42,16:25:00
2016-12-20,2016-12-20 15:40:02,2016-12-21 08:05:14,16:25:00
2016-12-21,2016-12-21 15:40:31,2016-12-22 08:05:43,16:25:00
2016-12-22,2016-12-22 15:41:03,2016-12-23 08:06:07,16:25:00
2016-12-23,2016-12-23 15:41:39,2016-12-24 08:06:29,16:25:00
2016-12-24,2016-12-24 15:42:18,2016-12-25 08:06:47,16:24:00
2016-12-25,2016-12-25 15:43:01,2016-12-26 08:07:01,16:24:00
2016-12-26,2016-12-26 15:43:47,2016-12-27 08:07:12,16:23:00
2016-12-27,2016-12-27 15:44:36,2016-12-28 08:07:19,16:23:00
2016-12-28,2016-12-28 15:45:29,2016-12-29 08:07:22,16:22:00
2016-12-29,2016-12-29 15:46:25,2016-12-30 08:07:22,16:21:00
2016-12-30,2016-12-30 15:47:23,2016-12-31 08:07:18,16:20:00
2016-12-31,2016-12-31 15:48:25,2017-01-01 08:07:11,16:19:00
2017-01-01,2017-01-01 15:49:30,2017-01-02 08:07:00,16:18:00
2017-01-02,2017-01-02 15:50:38,2017-01-03 08:06:46,16:16:00
2017-01-03,2017-01-03 15:51:49,2017-01-04 08:06:28,16:15:00
2017-01-04,2017-01-04 15:53:02,2017-01-05 08:06:06,16:13:00
2017-01-05,2017-01-05 15:54:18,2017-01-06 08:05:42,16:11:00
2017-01-06,2017-01-06 15:55:36,2017-01-07 08:05:13,16:10:00
2017-01-07,2017-01-07 15:56:58,2017-01-08 08:04:42,16:08:00
2017-01-08,2017-01-08 15:58:21,2017-01-09 08:04:07,16:06:00
2017-01-09,2017-01-09 15:59:47,2017-01-10 08:03:28,16:04:00
2017-01-10,2017-01-10 16:01:15,2017-01-11 08:02:47,16:02:00
2017-01-11,2017-01-11 16:02:45,2017-01-12 08:02:02,15:59:00
2017-01-12,2017-01-12 16:04:17,2017-01-13 08:01:14,15:57:00
2017-01-13,2017-01-13 16:05:51,2017-01-14 08:00:23,15:55:00
2017-01-14,2017-01-14 16:07:27,2017-01-15 07:59:29,15:52:00
2017-01-15,2017-01-15 16:09:05,2017-01-16 07:58:31,15:49:00
2017-01-16,2017-01-16 16:10:44,2017-01-17 07:57:31,15:47:00
2017-01-17,2017-01-17 16:12:25,2017-01-18 07:56:28,15:44:00
2017-01-18,2017-01-18 16:14:07,2017-01-19 07:55:22,15:41:00
2017-01-19,2017-01-19 16:15:51,2017-01-20 07:54:14,15:38:00
2017-01-20,2017-01-20 16:17:36,2017-01-21 07:53:02,15:35:00
2017-01-21,2017-01-21 16:19:22,2017-01-22 07:51:48,15:32:00
2017-01-22,2017-01-22 16:21:10,2017-01-23 07:50:32,15:29:00
2017-01-23,2017-01-23 16:22:58,2017-01-24 07:49:12,15:26:00
2017-01-24,2017-01-24 16:24:47,2017-01-25 07:47:51,15:23:00
2017-01-25,2017-01-25 16:26:38,2017-01-26 07:46:27,15:20:00
2017-01-26,2017-01-26 16:28:29,2017-01-27 07:45:00,15:17:00
2017-01-27,2017-01-27 16:30:21,2017-01-28 07:43:31,15:13:00
2017-01-28,2017-01-28 16:32:13,2017-01-29 07:42:00,15:10:00
2017-01-29,2017-01-29 16:34:06,2017-01-30 07:40:27,15:06:00
2017-01-30,2017-01-30 16:36:00,2017-01-31 07:38:52,15:03:00
2017-01-31,2017-01-31 16:37:54,2017-02-01 07:37:14,14:59:00
2017-02-01,2017-02-01 16:39:49,2017-02-02 07:35:35,14:56:00
2017-02-02,2017-02-02 16:41:44,2017-02-03 07:33:53,14:52:00
2017-02-03,2017-02-03 16:43:39,2017-02-04 07:32:10,14:49:00
2017-02-04,2017-02-04 16:45:34,2017-02-05 07:30:25,14:45:00
2017-02-05,2017-02-05 16:47:30,2017-02-06 07:28:38,14:41:00
2017-02-06,2017-02-06 16:49:26,2017-02-07 07:26:49,14:37:00
2017-02-07,2017-02-07 16:51:22,2017-02-08 07:24:59,14:34:00
2017-02-08,2017-02-08 16:53:18,2017-02-09 07:23:06,14:30:00
2017-02-09,2017-02-09 16:55:14,2017-02-10 07:21:13,14:26:00
2017-02-10,2017-02-10 16:57:10,2017-02-11 07:19:18,14:22:00
2017-02-11,2017-02-11 16:59:06,2017-02-12 07:17:21,14:18:00
2017-02-12,2017-02-12 17:01:02,2017-02-13 07:15:23,14:14:00
2017-02-13,2017-02-13 17:02:58,2017-02-14 07:13:23,14:10:00
2017-02-14,2017-02-14 17:04:54,2017-02-15 07:11:23,14:06:00
2017-02-15,2017-02-15 17:06:49,2017-02-16 07:09:20,14:03:00
2017-02-16,2017-02-16 17:08:45,2017-02-17 07:07:17,13:59:00
2017-02-17,2017-02-17 17:10:40,2017-02-18 07:05:12,13:55:00
2017-02-18,2017-02-18 17:12:35,2017-02-19 07:03:07,13:51:00
2017-02-19,2017-02-19 17:14:30,2017-02-20 07:01:00,13:47:00
2017-02-20,2017-02-20 17:16:24,2017-02-21 06:58:52,13:42:00
2017-02-21,2017-02-21 17:18:19,2017-02-22 06:56:43,13:38:00
2017-02-22,2017-02-22 17:20:13,2017-02-23 06:54:33,13:34:00
2017-02-23,2017-02-23 17:22:07,2017-02-24 06:52:22,13:30:00
2017-02-24,2017-02-24 17:24:00,2017-02-25 06:50:10,13:26:00
2017-02-25,2017-02-25 17:25:53,2017-02-26 06:47:58,13:22:00
2017-02-26,2017-02-26 17:27:46,2017-02-27 06:45:44,13:18:00
2017-02-27,2017-02-27 17:29:39,2017-02-28 06:43:30,13:14:00
2017-02-28,2017-02-28 17:31:31,2017-03-01 06:41:15,13:10:00
2017-03-01,2017-03-01 17:33:23,2017-03-02 06:38:59,13:06:00
2017-03-02,2017-03-02 17:35:15,2017-03-03 06:36:43,13:01:00
2017-03-03,2017-03-03 17:37:07,2017-03-04 06:34:26,12:57:00
2017-03-04,2017-03-04 17:38:58,2017-03-05 06:32:08,12:53:00
2017-03-05,2017-03-05 17:40:49,2017-03-06 06:29:50,12:49:00
2017-03-06,2017-03-06 17:42:40,2017-03-07 06:27:31,12:45:00
2017-03-07,2017-03-07 17:44:30,2017-03-08 06:25:12,12:41:00
2017-03-08,2017-03-08 17:46:20,2017-03-09 06:22:52,12:37:00
2017-03-09,2017-03-09 17:48:10,2017-03-10 06:20:32,12:32:00
2017-03-10,2017-03-10 17:50:00,2017-03-11 06:18:12,12:28:00
2017-03-11,2017-03-11 17:51:49,2017-03-12 06:15:51,12:24:00
2017-03-12,2017-03-12 17:53:38,2017-03-13 06:13:29,12:20:00
2017-03-13,2017-03-13 17:55:27,2017-03-14 06:11:08,12:16:00
2017-03-14,2017-03-14 17:57:16,2017-03-15 06:08:46,12:12:00
2017-03-15,2017-03-15 17:59:04,2017-03-16 06:06:24,12:07:00
2017-03-16,2017-03-16 18:00:53,2017-03-17 06:04:02,12:03:00
2017-03-17,2017-03-17 18:02:41,2017-03-18 06:01:39,11:59:00
2017-03-18,2017-03-18 18:04:29,2017-03-19 05:59:16,11:55:00
2017-03-19,2017-03-19 18:06:17,2017-03-20 05:56:54,11:51:00
2017-03-20,2017-03-20 18:08:04,2017-03-21 05:54:31,11:46:00
2017-03-21,2017-03-21 18:09:52,2017-03-22 05:52:08,11:42:00
2017-03-22,2017-03-22 18:11:39,2017-03-23 05:49:45,11:38:00
2017-03-23,2017-03-23 18:13:27,2017-03-24 05:47:22,11:34:00
2017-03-24,2017-03-24 18:15:14,2017-03-25 05:44:59,11:30:00
2017-03-25,2017-03-25 18:17:01,2017-03-26 05:42:36,11:26:00
2017-03-26,2017-03-26 18:18:48,2017-03-27 05:40:13,11:21:00
2017-03-27,2017-03-27 18:20:35,2017-03-28 05:37:51,11:17:00
2017-03-28,2017-03-28 18:22:22,2017-03-29 05:35:28,11:13:00
2017-03-29,2017-03-29 18:24:08,2017-03-30 05:33:06,11:09:00
2017-03-30,2017-03-30 18:25:55,2017-03-31 05:30:43,11:05:00
2017-03-31,2017-03-31 18:27:42,2017-04-01 05:28:21,11:01:00
2017-04-01,2017-04-01 18:29:28,2017-04-02 05:26:00,10:57:00
2017-04-02,2017-04-02 18:31:15,2017-04-03 05:23:38,10:52:00
2017-04-03,2017-04-03 18:33:02,2017-04-04 05:21:17,10:48:00
2017-04-04,2017-04-04 18:34:48,2017-04-05 05:18:57,10:44:00
2017-04-05,2017-04-05 18:36:35,2017-04-06 05:16:36,10:40:00
2017-04-06,2017-04-06 18:38:21,2017-04-07 05:14:16,10:36:00
2017-04-07,2017-04-07 18:40:08,2017-04-08 05:11:57,10:32:00
2017-04-08,2017-04-08 18:41:54,2017-04-09 05:09:38,10:28:00
2017-04-09,2017-04-09 18:43:41,2017-04-10 05:07:19,10:24:00
2017-04-10,2017-04-10 18:45:28,2017-04-11 05:05:02,10:20:00
2017-04-11,2017-04-11 18:47:14,2017-04-12 05:02:44,10:16:00
2017-04-12,2017-04-12 18:49:01,2017-04-13 05:00:27,10:11:00
2017-04-13,2017-04-13 18:50:47,2017-04-14 04:58:11,10:07:00
2017-04-14,2017-04-14 18:52:34,2017-04-15 04:55:56,10:03:00
2017-04-15,2017-04-15 18:54:20,2017-04-16 04:53:41,09:59:00
2017-04-16,2017-04-16 18:56:07,2017-04-17 04:51:27,09:55:00
2017-04-17,2017-04-17 18:57:53,2017-04-18 04:49:14,09:51:00
2017-04-18,2017-04-18 18:59:40,2017-04-19 04:47:02,09:47:00
2017-04-19,2017-04-19 19:01:26,2017-04-20 04:44:50,09:43:00
2017-04-20,2017-04-20 19:03:13,2017-04-21 04:42:40,09:39:00
2017-04-21,2017-04-21 19:04:59,2017-04-22 04:40:30,09:36:00
2017-04-22,2017-04-22 19:06:45,2017-04-23 04:38:22,09:32:00
2017-04-23,2017-04-23 19:08:31,2017-04-24 04:36:14,09:28:00
2017-04-24,2017-04-24 19:10:17,2017-04-25 04:34:07,09:24:00
2017-04-25,2017-04-25 19:12:03,2017-04-26 04:32:02,09:20:00
2017-04-26,2017-04-26 19:13:49,2017-04-27 04:29:58,09:16:00
2017-04-27,2017-04-27 19:15:35,2017-04-28 04:27:55,09:12:00
2017-04-28,2017-04-28 19:17:20,2017-04-29 04:25:53,09:09:00
2017-04-29,2017-04-29 19:19:05,2017-04-30 04:23:52,09:05:00
2017-04-30,2017-04-30 19:20:50,2017-05-01 04:21:53,09:01:00
2017-05-01,2017-05-01 19:22:34,2017-05-02 04:19:55,08:57:00
2017-05-02,2017-05-02 19:24:19,2017-05-03 04:17:58,08:54:00
2017-05-03,2017-05-03 19:26:02,2017-05-04 04:16:03,08:50:00
2017-05-04,2017-05-04 19:27:46,2017-05-05 04:14:10,08:46:00
2017-05-05,2017-05-05 19:29:29,2017-05-06 04:12:18,08:43:00
2017-05-06,2017-05-06 19:31:12,2017-05-07 04:10:28,08:39:00
2017-05-07,2017-05-07 19:32:54,2017-05-08 04:08:39,08:36:00
2017-05-08,2017-05-08 19:34:35,2017-05-09 04:06:52,08:32:00
2017-05-09,2017-05-09 19:36:16,2017-05-10 04:05:07,08:29:00
2017-05-10,2017-05-10 19:37:56,2017-05-11 04:03:23,08:25:00
2017-05-11,2017-05-11 19:39:36,2017-05-12 04:01:42,08:22:00
2017-05-12,2017-05-12 19:41:14,2017-05-13 04:00:02,08:19:00
2017-05-13,2017-05-13 19:42:52,2017-05-14 03:58:25,08:16:00
2017-05-14,2017-05-14 19:44:29,2017-05-15 03:56:49,08:12:00
2017-05-15,2017-05-15 19:46:05,2017-05-16 03:55:15,08:09:00
2017-05-16,2017-05-16 19:47:40,2017-05-17 03:53:44,08:06:00
2017-05-17,2017-05-17 19:49:14,2017-05-18 03:52:15,08:03:00
2017-05-18,2017-05-18 19:50:47,2017-05-19 03:50:48,08:00:00
2017-05-19,2017-05-19 19:52:19,2017-05-20 03:49:23,07:57:00
2017-05-20,2017-05-20 19:53:49,2017-05-21 03:48:01,07:54:00
2017-05-21,2017-05-21 19:55:18,2017-05-22 03:46:41,07:51:00
2017-05-22,2017-05-22 19:56:46,2017-05-23 03:45:24,07:49:00
2017-05-23,2017-05-23 19:58:12,2017-05-24 03:44:09,07:46:00
2017-05-24,2017-05-24 19:59:37,2017-05-25 03:42:56,07:43:00
2017-05-25,2017-05-25 20:01:00,2017-05-26 03:41:47,07:41:00
2017-05-26,2017-05-26 20:02:21,2017-05-27 03:40:40,07:38:00
2017-05-27,2017-05-27 20:03:40,2017-05-28 03:39:36,07:36:00
2017-05-28,2017-05-28 20:04:58,2017-05-29 03:38:34,07:34:00
2017-05-29,2017-05-29 20:06:14,2017-05-30 03:37:35,07:31:00
2017-05-30,2017-05-30 20:07:27,2017-05-31 03:36:40,07:29:00
2017-05-31,2017-05-31 20:08:39,2017-06-01 03:35:47,07:27:00
2017-06-01,2017-06-01 20:09:48,2017-06-02 03:34:57,07:25:00
2017-06-02,2017-06-02 20:10:55,2017-06-03 03:34:10,07:23:00
2017-06-03,2017-06-03 20:12:00,2017-06-04 03:33:26,07:21:00
2017-06-04,2017-06-04 20:13:03,2017-06-05 03:32:45,07:20:00
2017-06-05,2017-06-05 20:14:03,2017-06-06 03:32:08,07:18:00
2017-06-06,2017-06-06 20:15:00,2017-06-07 03:31:33,07:17:00
2017-06-07,2017-06-07 20:15:55,2017-06-08 03:31:02,07:15:00
2017-06-08,2017-06-08 20:16:47,2017-06-09 03:30:34,07:14:00
2017-06-09,2017-06-09 20:17:36,2017-06-10 03:30:09,07:13:00
2017-06-10,2017-06-10 20:18:23,2017-06-11 03:29:48,07:11:00
2017-06-11,2017-06-11 20:19:07,2017-06-12 03:29:29,07:10:00
2017-06-12,2017-06-12 20:19:48,2017-06-13 03:29:14,07:09:00
2017-06-13,2017-06-13 20:20:26,2017-06-14 03:29:03,07:09:00
2017-06-14,2017-06-14 20:21:00,2017-06-15 03:28:54,07:08:00
2017-06-15,2017-06-15 20:21:32,2017-06-16 03:28:49,07:07:00
2017-06-16,2017-06-16 20:22:01,2017-06-17 03:28:47,07:07:00
2017-06-17,2017-06-17 20:22:26,2017-06-18 03:28:49,07:06:00
2017-06-18,2017-06-18 20:22:48,2017-06-19 03:28:54,07:06:00
2017-06-19,2017-06-19 20:23:07,2017-06-20 03:29:02,07:06:00
2017-06-20,2017-06-20 20:23:23,2017-06-21 03:29:13,07:06:00
2017-06-21,2017-06-21 20:23:36,2017-06-22 03:29:28,07:06:00
2017-06-22,2017-06-22 20:23:45,2017-06-23 03:29:45,07:06:00
2017-06-23,2017-06-23 20:23:51,2017-06-24 03:30:06,07:06:00
2017-06-24,2017-06-24 20:23:53,2017-06-25 03:30:30,07:07:00
2017-06-25,2017-06-25 20:23:52,2017-06-26 03:30:57,07:07:00
2017-06-26,2017-06-26 20:23:48,2017-06-27 03:31:28,07:08:00
2017-06-27,2017-06-27 20:23:41,2017-06-28 03:32:01,07:08:00
2017-06-28,2017-06-28 20:23:30,2017-06-29 03:32:37,07:09:00
2017-06-29,2017-06-29 20:23:15,2017-06-30 03:33:16,07:10:00
2017-06-30,2017-06-30 20:22:58,2017-07-01 03:33:58,07:11:00
2017-07-01,2017-07-01 20:22:37,2017-07-02 03:34:43,07:12:00
2017-07-02,2017-07-02 20:22:13,2017-07-03 03:35:31,07:13:00
2017-07-03,2017-07-03 20:21:45,2017-07-04 03:36:21,07:15:00
2017-07-04,2017-07-04 20:21:15,2017-07-05 03:37:14,07:16:00
2017-07-05,2017-07-05 20:20:41,2017-07-06 03:38:09,07:17:00
2017-07-06,2017-07-06 20:20:03,2017-07-07 03:39:07,07:19:00
2017-07-07,2017-07-07 20:19:23,2017-07-08 03:40:07,07:21:00
2017-07-08,2017-07-08 20:18:40,2017-07-09 03:41:10,07:22:00
2017-07-09,2017-07-09 20:17:53,2017-07-10 03:42:14,07:24:00
2017-07-10,2017-07-10 20:17:04,2017-07-11 03:43:21,07:26:00
2017-07-11,2017-07-11 20:16:11,2017-07-12 03:44:30,07:28:00
2017-07-12,2017-07-12 20:15:16,2017-07-13 03:45:42,07:30:00
2017-07-13,2017-07-13 20:14:17,2017-07-14 03:46:55,07:33:00
2017-07-14,2017-07-14 20:13:16,2017-07-15 03:48:10,07:35:00
2017-07-15,2017-07-15 20:12:12,2017-07-16 03:49:26,07:37:00
2017-07-16,2017-07-16 20:11:05,2017-07-17 03:50:45,07:40:00
2017-07-17,2017-07-17 20:09:55,2017-07-18 03:52:05,07:42:00
2017-07-18,2017-07-18 20:08:43,2017-07-19 03:53:27,07:45:00
2017-07-19,2017-07-19 20:07:28,2017-07-20 03:54:50,07:47:00
2017-07-20,2017-07-20 20:06:11,2017-07-21 03:56:14,07:50:00
2017-07-21,2017-07-21 20:04:51,2017-07-22 03:57:40,07:53:00
2017-07-22,2017-07-22 20:03:29,2017-07-23 03:59:07,07:56:00
2017-07-23,2017-07-23 20:02:04,2017-07-24 04:00:36,07:59:00
2017-07-24,2017-07-24 20:00:37,2017-07-25 04:02:05,08:01:00
2017-07-25,2017-07-25 19:59:08,2017-07-26 04:03:36,08:04:00
2017-07-26,2017-07-26 19:57:36,2017-07-27 04:05:08,08:08:00
2017-07-27,2017-07-27 19:56:02,2017-07-28 04:06:40,08:11:00
2017-07-28,2017-07-28 19:54:27,2017-07-29 04:08:14,08:14:00
2017-07-29,2017-07-29 19:52:49,2017-07-30 04:09:48,08:17:00
2017-07-30,2017-07-30 19:51:09,2017-07-31 04:11:23,08:20:00
2017-07-31,2017-07-31 19:49:27,2017-08-01 04:12:59,08:24:00
2017-08-01,2017-08-01 19:47:44,2017-08-02 04:14:36,08:27:00
2017-08-02,2017-08-02 19:45:58,2017-08-03 04:16:13,08:30:00
2017-08-03,2017-08-03 19:44:11,2017-08-04 04:17:50,08:34:00
2017-08-04,2017-08-04 19:42:22,2017-08-05 04:19:28,08:37:00
2017-08-05,2017-08-05 19:40:31,2017-08-06 04:21:07,08:41:00
2017-08-06,2017-08-06 19:38:39,2017-08-07 04:22:46,08:44:00
2017-08-07,2017-08-07 19:36:45,2017-08-08 04:24:26,08:48:00
2017-08-08,2017-08-08 19:34:49,2017-08-09 04:26:05,08:51:00
2017-08-09,2017-08-09 19:32:52,2017-08-10 04:27:46,08:55:00
2017-08-10,2017-08-10 19:30:54,2017-08-11 04:29:26,08:59:00
2017-08-11,2017-08-11 19:28:54,2017-08-12 04:31:07,09:02:00
2017-08-12,2017-08-12 19:26:53,2017-08-13 04:32:47,09:06:00
2017-08-13,2017-08-13 19:24:51,2017-08-14 04:34:29,09:10:00
2017-08-14,2017-08-14 19:22:47,2017-08-15 04:36:10,09:13:00
2017-08-15,2017-08-15 19:20:42,2017-08-16 04:37:51,09:17:00
2017-08-16,2017-08-16 19:18:36,2017-08-17 04:39:33,09:21:00
2017-08-17,2017-08-17 19:16:29,2017-08-18 04:41:14,09:25:00
2017-08-18,2017-08-18 19:14:21,2017-08-19 04:42:56,09:29:00
2017-08-19,2017-08-19 19:12:12,2017-08-20 04:44:38,09:32:00
2017-08-20,2017-08-20 19:10:02,2017-08-21 04:46:19,09:36:00
2017-08-21,2017-08-21 19:07:50,2017-08-22 04:48:01,09:40:00
2017-08-22,2017-08-22 19:05:38,2017-08-23 04:49:43,09:44:00
2017-08-23,2017-08-23 19:03:25,2017-08-24 04:51:25,09:48:00
2017-08-24,2017-08-24 19:01:11,2017-08-25 04:53:07,09:52:00
2017-08-25,2017-08-25 18:58:57,2017-08-26 04:54:49,09:56:00
2017-08-26,2017-08-26 18:56:41,2017-08-27 04:56:30,10:00:00
2017-08-27,2017-08-27 18:54:25,2017-08-28 04:58:12,10:04:00
2017-08-28,2017-08-28 18:52:08,2017-08-29 04:59:54,10:08:00
2017-08-29,2017-08-29 18:49:51,2017-08-30 05:01:36,10:12:00
2017-08-30,2017-08-30 18:47:33,2017-08-31 05:03:17,10:16:00
2017-08-31,2017-08-31 18:45:14,2017-09-01 05:04:59,10:20:00
2017-09-01,2017-09-01 18:42:55,2017-09-02 05:06:41,10:24:00
2017-09-02,2017-09-02 18:40:35,2017-09-03 05:08:22,10:28:00
2017-09-03,2017-09-03 18:38:14,2017-09-04 05:10:04,10:32:00
2017-09-04,2017-09-04 18:35:53,2017-09-05 05:11:46,10:36:00
2017-09-05,2017-09-05 18:33:32,2017-09-06 05:13:27,10:40:00
2017-09-06,2017-09-06 18:31:10,2017-09-07 05:15:09,10:44:00
2017-09-07,2017-09-07 18:28:48,2017-09-08 05:16:50,10:48:00
2017-09-08,2017-09-08 18:26:26,2017-09-09 05:18:32,10:52:00
2017-09-09,2017-09-09 18:24:03,2017-09-10 05:20:13,10:56:00
2017-09-10,2017-09-10 18:21:40,2017-09-11 05:21:55,11:00:00
2017-09-11,2017-09-11 18:19:17,2017-09-12 05:23:36,11:04:00
2017-09-12,2017-09-12 18:16:53,2017-09-13 05:25:18,11:08:00
2017-09-13,2017-09-13 18:14:29,2017-09-14 05:27:00,11:13:00
2017-09-14,2017-09-14 18:12:06,2017-09-15 05:28:41,11:17:00
2017-09-15,2017-09-15 18:09:41,2017-09-16 05:30:23,11:21:00
2017-09-16,2017-09-16 18:07:17,2017-09-17 05:32:05,11:25:00
2017-09-17,2017-09-17 18:04:53,2017-09-18 05:33:47,11:29:00
2017-09-18,2017-09-18 18:02:29,2017-09-19 05:35:29,11:33:00
2017-09-19,2017-09-19 18:00:04,2017-09-20 05:37:11,11:37:00
2017-09-20,2017-09-20 17:57:40,2017-09-21 05:38:53,11:41:00
2017-09-21,2017-09-21 17:55:16,2017-09-22 05:40:35,11:45:00
2017-09-22,2017-09-22 17:52:51,2017-09-23 05:42:17,11:49:00
2017-09-23,2017-09-23 17:50:27,2017-09-24 05:44:00,11:54:00
2017-09-24,2017-09-24 17:48:03,2017-09-25 05:45:43,11:58:00
2017-09-25,2017-09-25 17:45:39,2017-09-26 05:47:25,12:02:00
2017-09-26,2017-09-26 17:43:15,2017-09-27 05:49:09,12:06:00
2017-09-27,2017-09-27 17:40:52,2017-09-28 05:50:52,12:10:00
2017-09-28,2017-09-28 17:38:28,2017-09-29 05:52:35,12:14:00
2017-09-29,2017-09-29 17:36:05,2017-09-30 05:54:19,12:18:00
2017-09-30,2017-09-30 17:33:42,2017-10-01 05:56:03,12:22:00
2017-10-01,2017-10-01 17:31:20,2017-10-02 05:57:47,12:26:00
2017-10-02,2017-10-02 17:28:58,2017-10-03 05:59:31,12:31:00
2017-10-03,2017-10-03 17:26:36,2017-10-04 06:01:16,12:35:00
2017-10-04,2017-10-04 17:24:14,2017-10-05 06:03:01,12:39:00
2017-10-05,2017-10-05 17:21:53,2017-10-06 06:04:46,12:43:00
2017-10-06,2017-10-06 17:19:33,2017-10-07 06:06:31,12:47:00
2017-10-07,2017-10-07 17:17:13,2017-10-08 06:08:17,12:51:00
2017-10-08,2017-10-08 17:14:54,2017-10-09 06:10:03,12:55:00
2017-10-09,2017-10-09 17:12:35,2017-10-10 06:11:49,12:59:00
2017-10-10,2017-10-10 17:10:17,2017-10-11 06:13:36,13:03:00
2017-10-11,2017-10-11 17:07:59,2017-10-12 06:15:23,13:07:00
2017-10-12,2017-10-12 17:05:42,2017-10-13 06:17:10,13:11:00
2017-10-13,2017-10-13 17:03:26,2017-10-14 06:18:57,13:16:00
2017-10-14,2017-10-14 17:01:11,2017-10-15 06:20:45,13:20:00
2017-10-15,2017-10-15 16:58:56,2017-10-16 06:22:33,13:24:00
2017-10-16,2017-10-16 16:56:42,2017-10-17 06:24:22,13:28:00
2017-10-17,2017-10-17 16:54:29,2017-10-18 06:26:10,13:32:00
2017-10-18,2017-10-18 16:52:17,2017-10-19 06:27:59,13:36:00
2017-10-19,2017-10-19 16:50:06,2017-10-20 06:29:49,13:40:00
2017-10-20,2017-10-20 16:47:56,2017-10-21 06:31:39,13:44:00
2017-10-21,2017-10-21 16:45:47,2017-10-22 06:33:28,13:48:00
2017-10-22,2017-10-22 16:43:39,2017-10-23 06:35:19,13:52:00
2017-10-23,2017-10-23 16:41:32,2017-10-24 06:37:09,13:56:00
2017-10-24,2017-10-24 16:39:26,2017-10-25 06:39:00,14:00:00
2017-10-25,2017-10-25 16:37:22,2017-10-26 06:40:51,14:03:00
2017-10-26,2017-10-26 16:35:18,2017-10-27 06:42:42,14:07:00
2017-10-27,2017-10-27 16:33:16,2017-10-28 06:44:33,14:11:00
2017-10-28,2017-10-28 16:31:16,2017-10-29 06:46:25,14:15:00
2017-10-29,2017-10-29 16:29:16,2017-10-30 06:48:17,14:19:00
2017-10-30,2017-10-30 16:27:19,2017-10-31 06:50:08,14:23:00
2017-10-31,2017-10-31 16:25:22,2017-11-01 06:52:00,14:27:00
2017-11-01,2017-11-01 16:23:27,2017-11-02 06:53:52,14:30:00
2017-11-02,2017-11-02 16:21:34,2017-11-03 06:55:44,14:34:00
2017-11-03,2017-11-03 16:19:43,2017-11-04 06:57:36,14:38:00
2017-11-04,2017-11-04 16:17:53,2017-11-05 06:59:28,14:42:00
2017-11-05,2017-11-05 16:16:04,2017-11-06 07:01:20,14:45:00
2017-11-06,2017-11-06 16:14:18,2017-11-07 07:03:12,14:49:00
2017-11-07,2017-11-07 16:12:34,2017-11-08 07:05:03,14:52:00
2017-11-08,2017-11-08 16:10:51,2017-11-09 07:06:54,14:56:00
2017-11-09,2017-11-09 16:09:10,2017-11-10 07:08:45,15:00:00
2017-11-10,2017-11-10 16:07:32,2017-11-11 07:10:36,15:03:00
2017-11-11,2017-11-11 16:05:55,2017-11-12 07:12:26,15:07:00
2017-11-12,2017-11-12 16:04:20,2017-11-13 07:14:16,15:10:00
2017-11-13,2017-11-13 16:02:48,2017-11-14 07:16:05,15:13:00
2017-11-14,2017-11-14 16:01:18,2017-11-15 07:17:54,15:17:00
2017-11-15,2017-11-15 15:59:50,2017-11-16 07:19:42,15:20:00
2017-11-16,2017-11-16 15:58:25,2017-11-17 07:21:30,15:23:00
2017-11-17,2017-11-17 15:57:02,2017-11-18 07:23:16,15:26:00
2017-11-18,2017-11-18 15:55:42,2017-11-19 07:25:02,15:29:00
2017-11-19,2017-11-19 15:54:24,2017-11-20 07:26:46,15:32:00
2017-11-20,2017-11-20 15:53:08,2017-11-21 07:28:30,15:35:00
2017-11-21,2017-11-21 15:51:56,2017-11-22 07:30:13,15:38:00
2017-11-22,2017-11-22 15:50:46,2017-11-23 07:31:54,15:41:00
2017-11-23,2017-11-23 15:49:39,2017-11-24 07:33:34,15:44:00
2017-11-24,2017-11-24 15:48:34,2017-11-25 07:35:13,15:47:00
2017-11-25,2017-11-25 15:47:33,2017-11-26 07:36:50,15:49:00
2017-11-26,2017-11-26 15:46:35,2017-11-27 07:38:26,15:52:00
2017-11-27,2017-11-27 15:45:39,2017-11-28 07:40:00,15:54:00
2017-11-28,2017-11-28 15:44:47,2017-11-29 07:41:32,15:57:00
2017-11-29,2017-11-29 15:43:58,2017-11-30 07:43:03,15:59:00
2017-11-30,2017-11-30 15:43:12,2017-12-01 07:44:31,16:01:00
2017-12-01,2017-12-01 15:42:29,2017-12-02 07:45:58,16:03:00
2017-12-02,2017-12-02 15:41:49,2017-12-03 07:47:22,16:06:00
2017-12-03,2017-12-03 15:41:13,2017-12-04 07:48:45,16:08:00
2017-12-04,2017-12-04 15:40:40,2017-12-05 07:50:05,16:09:00
2017-12-05,2017-12-05 15:40:11,2017-12-06 07:51:22,16:11:00
2017-12-06,2017-12-06 15:39:45,2017-12-07 07:52:38,16:13:00
2017-12-07,2017-12-07 15:39:22,2017-12-08 07:53:50,16:14:00
2017-12-08,2017-12-08 15:39:03,2017-12-09 07:55:00,16:16:00
2017-12-09,2017-12-09 15:38:48,2017-12-10 07:56:07,16:17:00
2017-12-10,2017-12-10 15:38:36,2017-12-11 07:57:12,16:19:00
2017-12-11,2017-12-11 15:38:27,2017-12-12 07:58:13,16:20:00
2017-12-12,2017-12-12 15:38:23,2017-12-13 07:59:12,16:21:00
2017-12-13,2017-12-13 15:38:22,2017-12-14 08:00:08,16:22:00
2017-12-14,2017-12-14 15:38:24,2017-12-15 08:01:00,16:23:00
2017-12-15,2017-12-15 15:38:30,2017-12-16 08:01:49,16:23:00
2017-12-16,2017-12-16 15:38:40,2017-12-17 08:02:36,16:24:00
2017-12-17,2017-12-17 15:38:54,2017-12-18 08:03:18,16:24:00
2017-12-18,2017-12-18 15:39:11,2017-12-19 08:03:58,16:25:00
2017-12-19,2017-12-19 15:39:31,2017-12-20 08:04:34,16:25:00
2017-12-20,2017-12-20 15:39:56,2017-12-21 08:05:07,16:25:00
2017-12-21,2017-12-21 15:40:24,2017-12-22 08:05:36,16:25:00
2017-12-22,2017-12-22 15:40:55,2017-12-23 08:06:02,16:25:00
2017-12-23,2017-12-23 15:41:30,2017-12-24 08:06:24,16:25:00
2017-12-24,2017-12-24 15:42:08,2017-12-25 08:06:43,16:25:00
2017-12-25,2017-12-25 15:42:50,2017-12-26 08:06:58,16:24:00
2017-12-26,2017-12-26 15:43:35,2017-12-27 08:07:09,16:24:00
2017-12-27,2017-12-27 15:44:24,2017-12-28 08:07:17,16:23:00
2017-12-28,2017-12-28 15:45:15,2017-12-29 08:07:22,16:22:00
2017-12-29,2017-12-29 15:46:10,2017-12-30 08:07:22,16:21:00
2017-12-30,2017-12-30 15:47:08,2017-12-31 08:07:20,16:20:00
2017-12-31,2017-12-31 15:48:10,2018-01-01 08:07:13,16:19:00
2018-01-01,2018-01-01 15:49:14,2018-01-02 08:07:03,16:18:00
2018-01-02,2018-01-02 15:50:21,2018-01-03 08:06:50,16:16:00
2018-01-03,2018-01-03 15:51:31,2018-01-04 08:06:33,16:15:00
2018-01-04,2018-01-04 15:52:43,2018-01-05 08:06:12,16:13:00
2018-01-05,2018-01-05 15:53:59,2018-01-06 08:05:48,16:12:00
2018-01-06,2018-01-06 15:55:17,2018-01-07 08:05:21,16:10:00
2018-01-07,2018-01-07 15:56:37,2018-01-08 08:04:50,16:08:00
2018-01-08,2018-01-08 15:58:00,2018-01-09 08:04:16,16:06:00
2018-01-09,2018-01-09 15:59:25,2018-01-10 08:03:38,16:04:00
2018-01-10,2018-01-10 16:00:53,2018-01-11 08:02:57,16:02:00
2018-01-11,2018-01-11 16:02:22,2018-01-12 08:02:13,16:00:00
2018-01-12,2018-01-12 16:03:54,2018-01-13 08:01:26,15:58:00
2018-01-13,2018-01-13 16:05:28,2018-01-14 08:00:36,15:55:00
2018-01-14,2018-01-14 16:07:03,2018-01-15 07:59:42,15:53:00
2018-01-15,2018-01-15 16:08:40,2018-01-16 07:58:46,15:50:00
2018-01-16,2018-01-16 16:10:19,2018-01-17 07:57:46,15:47:00
2018-01-17,2018-01-17 16:12:00,2018-01-18 07:56:44,15:45:00
2018-01-18,2018-01-18 16:13:42,2018-01-19 07:55:39,15:42:00
2018-01-19,2018-01-19 16:15:25,2018-01-20 07:54:31,15:39:00
2018-01-20,2018-01-20 16:17:10,2018-01-21 07:53:20,15:36:00
2018-01-21,2018-01-21 16:18:56,2018-01-22 07:52:07,15:33:00
2018-01-22,2018-01-22 16:20:43,2018-01-23 07:50:51,15:30:00
2018-01-23,2018-01-23 16:22:31,2018-01-24 07:49:32,15:27:00
2018-01-24,2018-01-24 16:24:20,2018-01-25 07:48:11,15:24:00
2018-01-25,2018-01-25 16:26:10,2018-01-26 07:46:47,15:21:00
2018-01-26,2018-01-26 16:28:01,2018-01-27 07:45:21,15:17:00
2018-01-27,2018-01-27 16:29:53,2018-01-28 07:43:53,15:14:00
2018-01-28,2018-01-28 16:31:45,2018-01-29 07:42:23,15:11:00
2018-01-29,2018-01-29 16:33:38,2018-01-30 07:40:50,15:07:00
2018-01-30,2018-01-30 16:35:32,2018-01-31 07:39:15,15:04:00
2018-01-31,2018-01-31 16:37:26,2018-02-01 07:37:38,15:00:00
2018-02-01,2018-02-01 16:39:21,2018-02-02 07:35:59,14:57:00
2018-02-02,2018-02-02 16:41:15,2018-02-03 07:34:18,14:53:00
2018-02-03,2018-02-03 16:43:11,2018-02-04 07:32:35,14:49:00
2018-02-04,2018-02-04 16:45:06,2018-02-05 07:30:51,14:46:00
2018-02-05,2018-02-05 16:47:02,2018-02-06 07:29:04,14:42:00
2018-02-06,2018-02-06 16:48:57,2018-02-07 07:27:16,14:38:00
2018-02-07,2018-02-07 16:50:53,2018-02-08 07:25:26,14:35:00
2018-02-08,2018-02-08 16:52:49,2018-02-09 07:23:34,14:31:00
2018-02-09,2018-02-09 16:54:45,2018-02-10 07:21:41,14:27:00
2018-02-10,2018-02-10 16:56:42,2018-02-11 07:19:46,14:23:00
2018-02-11,2018-02-11 16:58:38,2018-02-12 07:17:50,14:19:00
2018-02-12,2018-02-12 17:00:34,2018-02-13 07:15:52,14:15:00
2018-02-13,2018-02-13 17:02:29,2018-02-14 07:13:53,14:11:00
2018-02-14,2018-02-14 17:04:25,2018-02-15 07:11:52,14:07:00
2018-02-15,2018-02-15 17:06:21,2018-02-16 07:09:50,14:03:00
2018-02-16,2018-02-16 17:08:16,2018-02-17 07:07:47,14:00:00
2018-02-17,2018-02-17 17:10:12,2018-02-18 07:05:43,13:56:00
2018-02-18,2018-02-18 17:12:07,2018-02-19 07:03:37,13:52:00
2018-02-19,2018-02-19 17:14:02,2018-02-20 07:01:31,13:47:00
2018-02-20,2018-02-20 17:15:56,2018-02-21 06:59:23,13:43:00
2018-02-21,2018-02-21 17:17:51,2018-02-22 06:57:15,13:39:00
2018-02-22,2018-02-22 17:19:45,2018-02-23 06:55:05,13:35:00
2018-02-23,2018-02-23 17:21:39,2018-02-24 06:52:54,13:31:00
2018-02-24,2018-02-24 17:23:32,2018-02-25 06:50:43,13:27:00
2018-02-25,2018-02-25 17:25:26,2018-02-26 06:48:30,13:23:00
2018-02-26,2018-02-26 17:27:19,2018-02-27 06:46:17,13:19:00
2018-02-27,2018-02-27 17:29:11,2018-02-28 06:44:03,13:15:00
2018-02-28,2018-02-28 17:31:04,2018-03-01 06:41:48,13:11:00
2018-03-01,2018-03-01 17:32:56,2018-03-02 06:39:32,13:07:00
2018-03-02,2018-03-02 17:34:48,2018-03-03 06:37:16,13:02:00
2018-03-03,2018-03-03 17:36:39,2018-03-04 06:34:59,12:58:00
2018-03-04,2018-03-04 17:38:31,2018-03-05 06:32:42,12:54:00
2018-03-05,2018-03-05 17:40:22,2018-03-06 06:30:24,12:50:00
2018-03-06,2018-03-06 17:42:13,2018-03-07 06:28:05,12:46:00
2018-03-07,2018-03-07 17:44:03,2018-03-08 06:25:46,12:42:00
2018-03-08,2018-03-08 17:45:53,2018-03-09 06:23:26,12:38:00
2018-03-09,2018-03-09 17:47:43,2018-03-10 06:21:06,12:33:00
2018-03-10,2018-03-10 17:49:33,2018-03-11 06:18:46,12:29:00
2018-03-11,2018-03-11 17:51:22,2018-03-12 06:16:25,12:25:00
2018-03-12,2018-03-12 17:53:12,2018-03-13 06:14:04,12:21:00
2018-03-13,2018-03-13 17:55:01,2018-03-14 06:11:42,12:17:00
2018-03-14,2018-03-14 17:56:49,2018-03-15 06:09:21,12:13:00
2018-03-15,2018-03-15 17:58:38,2018-03-16 06:06:58,12:08:00
2018-03-16,2018-03-16 18:00:26,2018-03-17 06:04:36,12:04:00
2018-03-17,2018-03-17 18:02:15,2018-03-18 06:02:14,12:00:00
2018-03-18,2018-03-18 18:04:03,2018-03-19 05:59:51,11:56:00
2018-03-19,2018-03-19 18:05:50,2018-03-20 05:57:28,11:52:00
2018-03-20,2018-03-20 18:07:38,2018-03-21 05:55:06,11:47:00
2018-03-21,2018-03-21 18:09:26,2018-03-22 05:52:43,11:43:00
2018-03-22,2018-03-22 18:11:13,2018-03-23 05:50:20,11:39:00
2018-03-23,2018-03-23 18:13:00,2018-03-24 05:47:57,11:35:00
2018-03-24,2018-03-24 18:14:48,2018-03-25 05:45:34,11:31:00
2018-03-25,2018-03-25 18:16:35,2018-03-26 05:43:11,11:27:00
2018-03-26,2018-03-26 18:18:22,2018-03-27 05:40:48,11:22:00
2018-03-27,2018-03-27 18:20:09,2018-03-28 05:38:25,11:18:00
2018-03-28,2018-03-28 18:21:56,2018-03-29 05:36:03,11:14:00
2018-03-29,2018-03-29 18:23:42,2018-03-30 05:33:40,11:10:00
2018-03-30,2018-03-30 18:25:29,2018-03-31 05:31:18,11:06:00
2018-03-31,2018-03-31 18:27:16,2018-04-01 05:28:56,11:02:00
2018-04-01,2018-04-01 18:29:02,2018-04-02 05:26:34,10:58:00
2018-04-02,2018-04-02 18:30:49,2018-04-03 05:24:13,10:53:00
2018-04-03,2018-04-03 18:32:36,2018-04-04 05:21:52,10:49:00
2018-04-04,2018-04-04 18:34:22,2018-04-05 05:19:31,10:45:00
2018-04-05,2018-04-05 18:36:09,2018-04-06 05:17:10,10:41:00
2018-04-06,2018-04-06 18:37:55,2018-04-07 05:14:50,10:37:00
2018-04-07,2018-04-07 18:39:42,2018-04-08 05:12:31,10:33:00
2018-04-08,2018-04-08 18:41:28,2018-04-09 05:10:12,10:29:00
2018-04-09,2018-04-09 18:43:15,2018-04-10 05:07:53,10:25:00
2018-04-10,2018-04-10 18:45:02,2018-04-11 05:05:35,10:21:00
2018-04-11,2018-04-11 18:46:48,2018-04-12 05:03:17,10:16:00
2018-04-12,2018-04-12 18:48:35,2018-04-13 05:01:01,10:12:00
2018-04-13,2018-04-13 18:50:21,2018-04-14 04:58:44,10:08:00
2018-04-14,2018-04-14 18:52:08,2018-04-15 04:56:29,10:04:00
2018-04-15,2018-04-15 18:53:54,2018-04-16 04:54:14,10:00:00
2018-04-16,2018-04-16 18:55:41,2018-04-17 04:52:00,09:56:00
2018-04-17,2018-04-17 18:57:27,2018-04-18 04:49:46,09:52:00
2018-04-18,2018-04-18 18:59:14,2018-04-19 04:47:34,09:48:00
2018-04-19,2018-04-19 19:01:00,2018-04-20 04:45:22,09:44:00
2018-04-20,2018-04-20 19:02:47,2018-04-21 04:43:11,09:40:00
2018-04-21,2018-04-21 19:04:33,2018-04-22 04:41:02,09:36:00
2018-04-22,2018-04-22 19:06:19,2018-04-23 04:38:53,09:33:00
2018-04-23,2018-04-23 19:08:06,2018-04-24 04:36:45,09:29:00
2018-04-24,2018-04-24 19:09:52,2018-04-25 04:34:38,09:25:00
2018-04-25,2018-04-25 19:11:38,2018-04-26 04:32:32,09:21:00
2018-04-26,2018-04-26 19:13:23,2018-04-27 04:30:28,09:17:00
2018-04-27,2018-04-27 19:15:09,2018-04-28 04:28:24,09:13:00
2018-04-28,2018-04-28 19:16:54,2018-04-29 04:26:22,09:09:00
2018-04-29,2018-04-29 19:18:40,2018-04-30 04:24:21,09:06:00
2018-04-30,2018-04-30 19:20:24,2018-05-01 04:22:22,09:02:00
2018-05-01,2018-05-01 19:22:09,2018-05-02 04:20:23,08:58:00
2018-05-02,2018-05-02 19:23:53,2018-05-03 04:18:27,08:55:00
2018-05-03,2018-05-03 19:25:37,2018-05-04 04:16:31,08:51:00
2018-05-04,2018-05-04 19:27:21,2018-05-05 04:14:37,08:47:00
2018-05-05,2018-05-05 19:29:04,2018-05-06 04:12:45,08:44:00
2018-05-06,2018-05-06 19:30:47,2018-05-07 04:10:54,08:40:00
2018-05-07,2018-05-07 19:32:29,2018-05-08 04:09:05,08:37:00
2018-05-08,2018-05-08 19:34:11,2018-05-09 04:07:18,08:33:00
2018-05-09,2018-05-09 19:35:52,2018-05-10 04:05:32,08:30:00
2018-05-10,2018-05-10 19:37:32,2018-05-11 04:03:48,08:26:00
2018-05-11,2018-05-11 19:39:12,2018-05-12 04:02:06,08:23:00
2018-05-12,2018-05-12 19:40:51,2018-05-13 04:00:26,08:20:00
2018-05-13,2018-05-13 19:42:29,2018-05-14 03:58:48,08:16:00
2018-05-14,2018-05-14 19:44:06,2018-05-15 03:57:12,08:13:00
2018-05-15,2018-05-15 19:45:42,2018-05-16 03:55:38,08:10:00
2018-05-16,2018-05-16 19:47:18,2018-05-17 03:54:06,08:07:00
2018-05-17,2018-05-17 19:48:52,2018-05-18 03:52:36,08:04:00
2018-05-18,2018-05-18 19:50:25,2018-05-19 03:51:09,08:01:00
2018-05-19,2018-05-19 19:51:57,2018-05-20 03:49:44,07:58:00
2018-05-20,2018-05-20 19:53:28,2018-05-21 03:48:21,07:55:00
2018-05-21,2018-05-21 19:54:57,2018-05-22 03:47:00,07:52:00
2018-05-22,2018-05-22 19:56:25,2018-05-23 03:45:42,07:49:00
2018-05-23,2018-05-23 19:57:52,2018-05-24 03:44:27,07:47:00
2018-05-24,2018-05-24 19:59:17,2018-05-25 03:43:14,07:44:00
2018-05-25,2018-05-25 20:00:40,2018-05-26 03:42:03,07:41:00
2018-05-26,2018-05-26 20:02:02,2018-05-27 03:40:56,07:39:00
2018-05-27,2018-05-27 20:03:21,2018-05-28 03:39:51,07:36:00
2018-05-28,2018-05-28 20:04:40,2018-05-29 03:38:49,07:34:00
2018-05-29,2018-05-29 20:05:56,2018-05-30 03:37:49,07:32:00
2018-05-30,2018-05-30 20:07:10,2018-05-31 03:36:53,07:30:00
2018-05-31,2018-05-31 20:08:22,2018-06-01 03:35:59,07:28:00
2018-06-01,2018-06-01 20:09:32,2018-06-02 03:35:09,07:26:00
2018-06-02,2018-06-02 20:10:40,2018-06-03 03:34:21,07:24:00
2018-06-03,2018-06-03 20:11:45,2018-06-04 03:33:36,07:22:00
2018-06-04,2018-06-04 20:12:48,2018-06-05 03:32:55,07:20:00
2018-06-05,2018-06-05 20:13:49,2018-06-06 03:32:17,07:18:00
2018-06-06,2018-06-06 20:14:47,2018-06-07 03:31:41,07:17:00
2018-06-07,2018-06-07 20:15:42,2018-06-08 03:31:09,07:15:00
2018-06-08,2018-06-08 20:16:35,2018-06-09 03:30:40,07:14:00
2018-06-09,2018-06-09 20:17:25,2018-06-10 03:30:15,07:13:00
2018-06-10,2018-06-10 20:18:12,2018-06-11 03:29:52,07:12:00
2018-06-11,2018-06-11 20:18:57,2018-06-12 03:29:33,07:11:00
2018-06-12,2018-06-12 20:19:38,2018-06-13 03:29:18,07:10:00
2018-06-13,2018-06-13 20:20:17,2018-06-14 03:29:05,07:09:00
2018-06-14,2018-06-14 20:20:52,2018-06-15 03:28:56,07:08:00
2018-06-15,2018-06-15 20:21:25,2018-06-16 03:28:50,07:07:00
2018-06-16,2018-06-16 20:21:54,2018-06-17 03:28:47,07:07:00
2018-06-17,2018-06-17 20:22:21,2018-06-18 03:28:48,07:06:00
2018-06-18,2018-06-18 20:22:44,2018-06-19 03:28:52,07:06:00
2018-06-19,2018-06-19 20:23:03,2018-06-20 03:28:59,07:06:00
2018-06-20,2018-06-20 20:23:20,2018-06-21 03:29:10,07:06:00
2018-06-21,2018-06-21 20:23:33,2018-06-22 03:29:24,07:06:00
2018-06-22,2018-06-22 20:23:43,2018-06-23 03:29:41,07:06:00
2018-06-23,2018-06-23 20:23:50,2018-06-24 03:30:01,07:06:00
2018-06-24,2018-06-24 20:23:53,2018-06-25 03:30:24,07:07:00
2018-06-25,2018-06-25 20:23:53,2018-06-26 03:30:50,07:07:00
2018-06-26,2018-06-26 20:23:50,2018-06-27 03:31:20,07:08:00
2018-06-27,2018-06-27 20:23:43,2018-06-28 03:31:53,07:08:00
2018-06-28,2018-06-28 20:23:33,2018-06-29 03:32:28,07:09:00
2018-06-29,2018-06-29 20:23:20,2018-06-30 03:33:06,07:10:00
2018-06-30,2018-06-30 20:23:03,2018-07-01 03:33:48,07:11:00
2018-07-01,2018-07-01 20:22:43,2018-07-02 03:34:32,07:12:00
2018-07-02,2018-07-02 20:22:19,2018-07-03 03:35:19,07:13:00
2018-07-03,2018-07-03 20:21:53,2018-07-04 03:36:08,07:14:00
2018-07-04,2018-07-04 20:21:23,2018-07-05 03:37:00,07:16:00
2018-07-05,2018-07-05 20:20:49,2018-07-06 03:37:55,07:17:00
2018-07-06,2018-07-06 20:20:13,2018-07-07 03:38:52,07:19:00
2018-07-07,2018-07-07 20:19:34,2018-07-08 03:39:52,07:20:00
2018-07-08,2018-07-08 20:18:51,2018-07-09 03:40:54,07:22:00
2018-07-09,2018-07-09 20:18:05,2018-07-10 03:41:58,07:24:00
2018-07-10,2018-07-10 20:17:16,2018-07-11 03:43:05,07:26:00
2018-07-11,2018-07-11 20:16:24,2018-07-12 03:44:13,07:28:00
2018-07-12,2018-07-12 20:15:30,2018-07-13 03:45:24,07:30:00
2018-07-13,2018-07-13 20:14:32,2018-07-14 03:46:37,07:32:00
2018-07-14,2018-07-14 20:13:31,2018-07-15 03:47:51,07:34:00
2018-07-15,2018-07-15 20:12:28,2018-07-16 03:49:08,07:37:00
2018-07-16,2018-07-16 20:11:22,2018-07-17 03:50:26,07:39:00
2018-07-17,2018-07-17 20:10:13,2018-07-18 03:51:45,07:42:00
2018-07-18,2018-07-18 20:09:01,2018-07-19 03:53:07,07:44:00
2018-07-19,2018-07-19 20:07:47,2018-07-20 03:54:29,07:47:00
2018-07-20,2018-07-20 20:06:30,2018-07-21 03:55:54,07:49:00
2018-07-21,2018-07-21 20:05:11,2018-07-22 03:57:19,07:52:00
2018-07-22,2018-07-22 20:03:49,2018-07-23 03:58:46,07:55:00
2018-07-23,2018-07-23 20:02:25,2018-07-24 04:00:14,07:58:00
2018-07-24,2018-07-24 20:00:59,2018-07-25 04:01:44,08:01:00
2018-07-25,2018-07-25 19:59:30,2018-07-26 04:03:14,08:04:00
2018-07-26,2018-07-26 19:57:59,2018-07-27 04:04:45,08:07:00
2018-07-27,2018-07-27 19:56:26,2018-07-28 04:06:18,08:10:00
2018-07-28,2018-07-28 19:54:50,2018-07-29 04:07:51,08:13:00
2018-07-29,2018-07-29 19:53:13,2018-07-30 04:09:25,08:16:00
2018-07-30,2018-07-30 19:51:34,2018-07-31 04:11:00,08:19:00
2018-07-31,2018-07-31 19:49:52,2018-08-01 04:12:36,08:23:00
2018-08-01,2018-08-01 19:48:09,2018-08-02 04:14:12,08:26:00
2018-08-02,2018-08-02 19:46:24,2018-08-03 04:15:49,08:29:00
2018-08-03,2018-08-03 19:44:37,2018-08-04 04:17:26,08:33:00
2018-08-04,2018-08-04 19:42:49,2018-08-05 04:19:05,08:36:00
2018-08-05,2018-08-05 19:40:58,2018-08-06 04:20:43,08:40:00
2018-08-06,2018-08-06 19:39:06,2018-08-07 04:22:22,08:43:00
2018-08-07,2018-08-07 19:37:13,2018-08-08 04:24:01,08:47:00
2018-08-08,2018-08-08 19:35:18,2018-08-09 04:25:41,08:50:00
2018-08-09,2018-08-09 19:33:21,2018-08-10 04:27:21,08:54:00
2018-08-10,2018-08-10 19:31:23,2018-08-11 04:29:02,08:58:00
2018-08-11,2018-08-11 19:29:24,2018-08-12 04:30:42,09:01:00
2018-08-12,2018-08-12 19:27:23,2018-08-13 04:32:23,09:05:00
2018-08-13,2018-08-13 19:25:21,2018-08-14 04:34:04,09:09:00
2018-08-14,2018-08-14 19:23:18,2018-08-15 04:35:45,09:12:00
2018-08-15,2018-08-15 19:21:13,2018-08-16 04:37:27,09:16:00
2018-08-16,2018-08-16 19:19:07,2018-08-17 04:39:08,09:20:00
2018-08-17,2018-08-17 19:17:01,2018-08-18 04:40:50,09:24:00
2018-08-18,2018-08-18 19:14:53,2018-08-19 04:42:31,09:28:00
2018-08-19,2018-08-19 19:12:44,2018-08-20 04:44:13,09:31:00
2018-08-20,2018-08-20 19:10:34,2018-08-21 04:45:55,09:35:00
2018-08-21,2018-08-21 19:08:23,2018-08-22 04:47:37,09:39:00
2018-08-22,2018-08-22 19:06:11,2018-08-23 04:49:18,09:43:00
2018-08-23,2018-08-23 19:03:58,2018-08-24 04:51:00,09:47:00
2018-08-24,2018-08-24 19:01:44,2018-08-25 04:52:42,09:51:00
2018-08-25,2018-08-25 18:59:30,2018-08-26 04:54:24,09:55:00
2018-08-26,2018-08-26 18:57:15,2018-08-27 04:56:06,09:59:00
2018-08-27,2018-08-27 18:54:59,2018-08-28 04:57:48,10:03:00
2018-08-28,2018-08-28 18:52:42,2018-08-29 04:59:29,10:07:00
2018-08-29,2018-08-29 18:50:24,2018-08-30 05:01:11,10:11:00
2018-08-30,2018-08-30 18:48:06,2018-08-31 05:02:53,10:15:00
2018-08-31,2018-08-31 18:45:48,2018-09-01 05:04:34,10:19:00
2018-09-01,2018-09-01 18:43:29,2018-09-02 05:06:16,10:23:00
2018-09-02,2018-09-02 18:41:09,2018-09-03 05:07:58,10:27:00
2018-09-03,2018-09-03 18:38:49,2018-09-04 05:09:39,10:31:00
2018-09-04,2018-09-04 18:36:28,2018-09-05 05:11:21,10:35:00
2018-09-05,2018-09-05 18:34:07,2018-09-06 05:13:03,10:39:00
2018-09-06,2018-09-06 18:31:45,2018-09-07 05:14:44,10:43:00
2018-09-07,2018-09-07 18:29:23,2018-09-08 05:16:26,10:47:00
2018-09-08,2018-09-08 18:27:01,2018-09-09 05:18:07,10:51:00
2018-09-09,2018-09-09 18:24:38,2018-09-10 05:19:49,10:55:00
2018-09-10,2018-09-10 18:22:15,2018-09-11 05:21:30,10:59:00
2018-09-11,2018-09-11 18:19:52,2018-09-12 05:23:12,11:03:00
2018-09-12,2018-09-12 18:17:28,2018-09-13 05:24:53,11:07:00
2018-09-13,2018-09-13 18:15:04,2018-09-14 05:26:35,11:12:00
2018-09-14,2018-09-14 18:12:41,2018-09-15 05:28:17,11:16:00
2018-09-15,2018-09-15 18:10:17,2018-09-16 05:29:58,11:20:00
2018-09-16,2018-09-16 18:07:52,2018-09-17 05:31:40,11:24:00
2018-09-17,2018-09-17 18:05:28,2018-09-18 05:33:22,11:28:00
2018-09-18,2018-09-18 18:03:04,2018-09-19 05:35:04,11:32:00
2018-09-19,2018-09-19 18:00:39,2018-09-20 05:36:46,11:36:00
2018-09-20,2018-09-20 17:58:15,2018-09-21 05:38:28,11:40:00
2018-09-21,2018-09-21 17:55:51,2018-09-22 05:40:10,11:44:00
2018-09-22,2018-09-22 17:53:26,2018-09-23 05:41:52,11:48:00
2018-09-23,2018-09-23 17:51:02,2018-09-24 05:43:35,11:53:00
2018-09-24,2018-09-24 17:48:38,2018-09-25 05:45:18,11:57:00
2018-09-25,2018-09-25 17:46:14,2018-09-26 05:47:00,12:01:00
2018-09-26,2018-09-26 17:43:50,2018-09-27 05:48:43,12:05:00
2018-09-27,2018-09-27 17:41:26,2018-09-28 05:50:27,12:09:00
2018-09-28,2018-09-28 17:39:03,2018-09-29 05:52:10,12:13:00
2018-09-29,2018-09-29 17:36:40,2018-09-30 05:53:54,12:17:00
2018-09-30,2018-09-30 17:34:17,2018-10-01 05:55:37,12:21:00
2018-10-01,2018-10-01 17:31:54,2018-10-02 05:57:21,12:25:00
2018-10-02,2018-10-02 17:29:32,2018-10-03 05:59:06,12:30:00
2018-10-03,2018-10-03 17:27:10,2018-10-04 06:00:50,12:34:00
2018-10-04,2018-10-04 17:24:49,2018-10-05 06:02:35,12:38:00
2018-10-05,2018-10-05 17:22:28,2018-10-06 06:04:20,12:42:00
2018-10-06,2018-10-06 17:20:07,2018-10-07 06:06:05,12:46:00
2018-10-07,2018-10-07 17:17:47,2018-10-08 06:07:51,12:50:00
2018-10-08,2018-10-08 17:15:27,2018-10-09 06:09:37,12:54:00
2018-10-09,2018-10-09 17:13:08,2018-10-10 06:11:23,12:58:00
2018-10-10,2018-10-10 17:10:50,2018-10-11 06:13:10,13:02:00
2018-10-11,2018-10-11 17:08:32,2018-10-12 06:14:56,13:06:00
2018-10-12,2018-10-12 17:06:15,2018-10-13 06:16:44,13:10:00
2018-10-13,2018-10-13 17:03:59,2018-10-14 06:18:31,13:15:00
2018-10-14,2018-10-14 17:01:43,2018-10-15 06:20:19,13:19:00
2018-10-15,2018-10-15 16:59:28,2018-10-16 06:22:07,13:23:00
2018-10-16,2018-10-16 16:57:14,2018-10-17 06:23:55,13:27:00
2018-10-17,2018-10-17 16:55:01,2018-10-18 06:25:44,13:31:00
2018-10-18,2018-10-18 16:52:49,2018-10-19 06:27:33,13:35:00
2018-10-19,2018-10-19 16:50:38,2018-10-20 06:29:22,13:39:00
2018-10-20,2018-10-20 16:48:27,2018-10-21 06:31:12,13:43:00
2018-10-21,2018-10-21 16:46:18,2018-10-22 06:33:02,13:47:00
2018-10-22,2018-10-22 16:44:10,2018-10-23 06:34:52,13:51:00
2018-10-23,2018-10-23 16:42:03,2018-10-24 06:36:42,13:55:00
2018-10-24,2018-10-24 16:39:57,2018-10-25 06:38:33,13:59:00
2018-10-25,2018-10-25 16:37:52,2018-10-26 06:40:24,14:03:00
2018-10-26,2018-10-26 16:35:48,2018-10-27 06:42:15,14:06:00
2018-10-27,2018-10-27 16:33:46,2018-10-28 06:44:06,14:10:00
2018-10-28,2018-10-28 16:31:45,2018-10-29 06:45:58,14:14:00
2018-10-29,2018-10-29 16:29:45,2018-10-30 06:47:49,14:18:00
2018-10-30,2018-10-30 16:27:47,2018-10-31 06:49:41,14:22:00
2018-10-31,2018-10-31 16:25:50,2018-11-01 06:51:33,14:26:00
2018-11-01,2018-11-01 16:23:55,2018-11-02 06:53:25,14:29:00
2018-11-02,2018-11-02 16:22:01,2018-11-03 06:55:17,14:33:00
2018-11-03,2018-11-03 16:20:09,2018-11-04 06:57:09,14:37:00
2018-11-04,2018-11-04 16:18:19,2018-11-05 06:59:01,14:41:00
2018-11-05,2018-11-05 16:16:30,2018-11-06 07:00:53,14:44:00
2018-11-06,2018-11-06 16:14:44,2018-11-07 07:02:45,14:48:00
2018-11-07,2018-11-07 16:12:59,2018-11-08 07:04:36,14:52:00
2018-11-08,2018-11-08 16:11:15,2018-11-09 07:06:27,14:55:00
2018-11-09,2018-11-09 16:09:34,2018-11-10 07:08:19,14:59:00
2018-11-10,2018-11-10 16:07:55,2018-11-11 07:10:09,15:02:00
2018-11-11,2018-11-11 16:06:18,2018-11-12 07:12:00,15:06:00
2018-11-12,2018-11-12 16:04:43,2018-11-13 07:13:50,15:09:00
2018-11-13,2018-11-13 16:03:10,2018-11-14 07:15:39,15:12:00
2018-11-14,2018-11-14 16:01:40,2018-11-15 07:17:28,15:16:00
2018-11-15,2018-11-15 16:00:11,2018-11-16 07:19:16,15:19:00
2018-11-16,2018-11-16 15:58:45,2018-11-17 07:21:04,15:22:00
2018-11-17,2018-11-17 15:57:22,2018-11-18 07:22:50,15:25:00
2018-11-18,2018-11-18 15:56:01,2018-11-19 07:24:36,15:29:00
2018-11-19,2018-11-19 15:54:42,2018-11-20 07:26:21,15:32:00
2018-11-20,2018-11-20 15:53:26,2018-11-21 07:28:05,15:35:00
2018-11-21,2018-11-21 15:52:13,2018-11-22 07:29:48,15:38:00
2018-11-22,2018-11-22 15:51:02,2018-11-23 07:31:30,15:40:00
2018-11-23,2018-11-23 15:49:55,2018-11-24 07:33:10,15:43:00
2018-11-24,2018-11-24 15:48:50,2018-11-25 07:34:49,15:46:00
2018-11-25,2018-11-25 15:47:47,2018-11-26 07:36:27,15:49:00
2018-11-26,2018-11-26 15:46:48,2018-11-27 07:38:03,15:51:00
2018-11-27,2018-11-27 15:45:52,2018-11-28 07:39:37,15:54:00
2018-11-28,2018-11-28 15:44:59,2018-11-29 07:41:10,15:56:00
2018-11-29,2018-11-29 15:44:09,2018-11-30 07:42:41,15:59:00
2018-11-30,2018-11-30 15:43:22,2018-12-01 07:44:10,16:01:00
2018-12-01,2018-12-01 15:42:39,2018-12-02 07:45:37,16:03:00
2018-12-02,2018-12-02 15:41:58,2018-12-03 07:47:02,16:05:00
2018-12-03,2018-12-03 15:41:21,2018-12-04 07:48:25,16:07:00
2018-12-04,2018-12-04 15:40:47,2018-12-05 07:49:46,16:09:00
2018-12-05,2018-12-05 15:40:17,2018-12-06 07:51:04,16:11:00
2018-12-06,2018-12-06 15:39:50,2018-12-07 07:52:20,16:12:00
2018-12-07,2018-12-07 15:39:27,2018-12-08 07:53:33,16:14:00
2018-12-08,2018-12-08 15:39:07,2018-12-09 07:54:43,16:16:00
2018-12-09,2018-12-09 15:38:51,2018-12-10 07:55:51,16:17:00
2018-12-10,2018-12-10 15:38:38,2018-12-11 07:56:57,16:18:00
2018-12-11,2018-12-11 15:38:29,2018-12-12 07:57:59,16:20:00
2018-12-12,2018-12-12 15:38:23,2018-12-13 07:58:58,16:21:00
2018-12-13,2018-12-13 15:38:21,2018-12-14 07:59:55,16:22:00
2018-12-14,2018-12-14 15:38:23,2018-12-15 08:00:48,16:22:00
2018-12-15,2018-12-15 15:38:28,2018-12-16 08:01:38,16:23:00
2018-12-16,2018-12-16 15:38:37,2018-12-17 08:02:25,16:24:00
2018-12-17,2018-12-17 15:38:50,2018-12-18 08:03:08,16:24:00
2018-12-18,2018-12-18 15:39:06,2018-12-19 08:03:49,16:25:00
2018-12-19,2018-12-19 15:39:26,2018-12-20 08:04:26,16:25:00
2018-12-20,2018-12-20 15:39:49,2018-12-21 08:04:59,16:25:00
2018-12-21,2018-12-21 15:40:16,2018-12-22 08:05:29,16:25:00
2018-12-22,2018-12-22 15:40:47,2018-12-23 08:05:56,16:25:00
2018-12-23,2018-12-23 15:41:21,2018-12-24 08:06:19,16:25:00
2018-12-24,2018-12-24 15:41:58,2018-12-25 08:06:39,16:25:00
2018-12-25,2018-12-25 15:42:39,2018-12-26 08:06:55,16:24:00
2018-12-26,2018-12-26 15:43:24,2018-12-27 08:07:07,16:24:00
2018-12-27,2018-12-27 15:44:11,2018-12-28 08:07:16,16:23:00
2018-12-28,2018-12-28 15:45:02,2018-12-29 08:07:21,16:22:00
2018-12-29,2018-12-29 15:45:56,2018-12-30 08:07:23,16:21:00
2018-12-30,2018-12-30 15:46:54,2018-12-31 08:07:21,16:20:00
2018-12-31,2018-12-31 15:47:54,2019-01-01 08:07:15,16:19:00
2019-01-01,2019-01-01 15:48:58,2019-01-02 08:07:06,16:18:00
2019-01-02,2019-01-02 15:50:04,2019-01-03 08:06:53,16:17:00
2019-01-03,2019-01-03 15:51:13,2019-01-04 08:06:37,16:15:00
2019-01-04,2019-01-04 15:52:25,2019-01-05 08:06:18,16:14:00
2019-01-05,2019-01-05 15:53:40,2019-01-06 08:05:54,16:12:00
2019-01-06,2019-01-06 15:54:57,2019-01-07 08:05:28,16:11:00
2019-01-07,2019-01-07 15:56:17,2019-01-08 08:04:58,16:09:00
2019-01-08,2019-01-08 15:57:39,2019-01-09 08:04:24,16:07:00
2019-01-09,2019-01-09 15:59:04,2019-01-10 08:03:48,16:05:00
2019-01-10,2019-01-10 16:00:31,2019-01-11 08:03:08,16:03:00
2019-01-11,2019-01-11 16:02:00,2019-01-12 08:02:24,16:00:00
2019-01-12,2019-01-12 16:03:31,2019-01-13 08:01:38,15:58:00
2019-01-13,2019-01-13 16:05:04,2019-01-14 08:00:48,15:56:00
2019-01-14,2019-01-14 16:06:39,2019-01-15 07:59:56,15:53:00
2019-01-15,2019-01-15 16:08:16,2019-01-16 07:59:00,15:51:00
2019-01-16,2019-01-16 16:09:55,2019-01-17 07:58:01,15:48:00
2019-01-17,2019-01-17 16:11:35,2019-01-18 07:57:00,15:45:00
2019-01-18,2019-01-18 16:13:17,2019-01-19 07:55:55,15:43:00
2019-01-19,2019-01-19 16:15:00,2019-01-20 07:54:48,15:40:00
2019-01-20,2019-01-20 16:16:44,2019-01-21 07:53:38,15:37:00
2019-01-21,2019-01-21 16:18:30,2019-01-22 07:52:25,15:34:00
2019-01-22,2019-01-22 16:20:17,2019-01-23 07:51:09,15:31:00
2019-01-23,2019-01-23 16:22:05,2019-01-24 07:49:52,15:28:00
2019-01-24,2019-01-24 16:23:53,2019-01-25 07:48:31,15:25:00
2019-01-25,2019-01-25 16:25:43,2019-01-26 07:47:08,15:21:00
2019-01-26,2019-01-26 16:27:34,2019-01-27 07:45:43,15:18:00
2019-01-27,2019-01-27 16:29:26,2019-01-28 07:44:15,15:15:00
2019-01-28,2019-01-28 16:31:18,2019-01-29 07:42:45,15:11:00
2019-01-29,2019-01-29 16:33:11,2019-01-30 07:41:13,15:08:00
2019-01-30,2019-01-30 16:35:04,2019-01-31 07:39:38,15:05:00
2019-01-31,2019-01-31 16:36:58,2019-02-01 07:38:02,15:01:00
2019-02-01,2019-02-01 16:38:52,2019-02-02 07:36:23,14:58:00
2019-02-02,2019-02-02 16:40:47,2019-02-03 07:34:43,14:54:00
2019-02-03,2019-02-03 16:42:42,2019-02-04 07:33:01,14:50:00
2019-02-04,2019-02-04 16:44:38,2019-02-05 07:31:16,14:47:00
2019-02-05,2019-02-05 16:46:33,2019-02-06 07:29:30,14:43:00
2019-02-06,2019-02-06 16:48:29,2019-02-07 07:27:42,14:39:00
2019-02-07,2019-02-07 16:50:25,2019-02-08 07:25:53,14:35:00
2019-02-08,2019-02-08 16:52:21,2019-02-09 07:24:01,14:32:00
2019-02-09,2019-02-09 16:54:17,2019-02-10 07:22:08,14:28:00
2019-02-10,2019-02-10 16:56:13,2019-02-11 07:20:14,14:24:00
2019-02-11,2019-02-11 16:58:09,2019-02-12 07:18:18,14:20:00
2019-02-12,2019-02-12 17:00:05,2019-02-13 07:16:21,14:16:00
2019-02-13,2019-02-13 17:02:01,2019-02-14 07:14:22,14:12:00
2019-02-14,2019-02-14 17:03:57,2019-02-15 07:12:22,14:08:00
2019-02-15,2019-02-15 17:05:53,2019-02-16 07:10:20,14:04:00
2019-02-16,2019-02-16 17:07:48,2019-02-17 07:08:17,14:00:00
2019-02-17,2019-02-17 17:09:43,2019-02-18 07:06:13,13:56:00
2019-02-18,2019-02-18 17:11:39,2019-02-19 07:04:08,13:52:00
2019-02-19,2019-02-19 17:13:34,2019-02-20 07:02:02,13:48:00
2019-02-20,2019-02-20 17:15:28,2019-02-21 06:59:54,13:44:00
2019-02-21,2019-02-21 17:17:23,2019-02-22 06:57:46,13:40:00
2019-02-22,2019-02-22 17:19:17,2019-02-23 06:55:37,13:36:00
2019-02-23,2019-02-23 17:21:11,2019-02-24 06:53:26,13:32:00
2019-02-24,2019-02-24 17:23:05,2019-02-25 06:51:15,13:28:00
2019-02-25,2019-02-25 17:24:58,2019-02-26 06:49:03,13:24:00
2019-02-26,2019-02-26 17:26:51,2019-02-27 06:46:49,13:20:00
2019-02-27,2019-02-27 17:28:44,2019-02-28 06:44:36,13:16:00
2019-02-28,2019-02-28 17:30:36,2019-03-01 06:42:21,13:12:00
2019-03-01,2019-03-01 17:32:29,2019-03-02 06:40:06,13:08:00
2019-03-02,2019-03-02 17:34:21,2019-03-03 06:37:49,13:03:00
2019-03-03,2019-03-03 17:36:12,2019-03-04 06:35:33,12:59:00
2019-03-04,2019-03-04 17:38:04,2019-03-05 06:33:15,12:55:00
2019-03-05,2019-03-05 17:39:55,2019-03-06 06:30:57,12:51:00
2019-03-06,2019-03-06 17:41:46,2019-03-07 06:28:39,12:47:00
2019-03-07,2019-03-07 17:43:36,2019-03-08 06:26:20,12:43:00
2019-03-08,2019-03-08 17:45:26,2019-03-09 06:24:00,12:39:00
2019-03-09,2019-03-09 17:47:16,2019-03-10 06:21:40,12:34:00
2019-03-10,2019-03-10 17:49:06,2019-03-11 06:19:20,12:30:00
2019-03-11,2019-03-11 17:50:56,2019-03-12 06:16:59,12:26:00
2019-03-12,2019-03-12 17:52:45,2019-03-13 06:14:38,12:22:00
2019-03-13,2019-03-13 17:54:34,2019-03-14 06:12:17,12:18:00
2019-03-14,2019-03-14 17:56:23,2019-03-15 06:09:55,12:14:00
2019-03-15,2019-03-15 17:58:11,2019-03-16 06:07:33,12:09:00
2019-03-16,2019-03-16 18:00:00,2019-03-17 06:05:11,12:05:00
2019-03-17,2019-03-17 18:01:48,2019-03-18 06:02:48,12:01:00
2019-03-18,2019-03-18 18:03:36,2019-03-19 06:00:26,11:57:00
2019-03-19,2019-03-19 18:05:24,2019-03-20 05:58:03,11:53:00
2019-03-20,2019-03-20 18:07:12,2019-03-21 05:55:40,11:48:00
2019-03-21,2019-03-21 18:08:59,2019-03-22 05:53:17,11:44:00
2019-03-22,2019-03-22 18:10:47,2019-03-23 05:50:54,11:40:00
2019-03-23,2019-03-23 18:12:34,2019-03-24 05:48:31,11:36:00
2019-03-24,2019-03-24 18:14:22,2019-03-25 05:46:08,11:32:00
2019-03-25,2019-03-25 18:16:09,2019-03-26 05:43:45,11:28:00
2019-03-26,2019-03-26 18:17:56,2019-03-27 05:41:23,11:23:00
2019-03-27,2019-03-27 18:19:43,2019-03-28 05:39:00,11:19:00
2019-03-28,2019-03-28 18:21:29,2019-03-29 05:36:37,11:15:00
2019-03-29,2019-03-29 18:23:16,2019-03-30 05:34:15,11:11:00
2019-03-30,2019-03-30 18:25:03,2019-03-31 05:31:52,11:07:00
2019-03-31,2019-03-31 18:26:50,2019-04-01 05:29:30,11:03:00
2019-04-01,2019-04-01 18:28:36,2019-04-02 05:27:09,10:59:00
2019-04-02,2019-04-02 18:30:23,2019-04-03 05:24:47,10:54:00
2019-04-03,2019-04-03 18:32:10,2019-04-04 05:22:26,10:50:00
2019-04-04,2019-04-04 18:33:56,2019-04-05 05:20:05,10:46:00
2019-04-05,2019-04-05 18:35:43,2019-04-06 05:17:44,10:42:00
2019-04-06,2019-04-06 18:37:29,2019-04-07 05:15:24,10:38:00
2019-04-07,2019-04-07 18:39:16,2019-04-08 05:13:05,10:34:00
2019-04-08,2019-04-08 18:41:03,2019-04-09 05:10:45,10:30:00
2019-04-09,2019-04-09 18:42:49,2019-04-10 05:08:27,10:26:00
2019-04-10,2019-04-10 18:44:36,2019-04-11 05:06:08,10:22:00
2019-04-11,2019-04-11 18:46:22,2019-04-12 05:03:51,10:17:00
2019-04-12,2019-04-12 18:48:09,2019-04-13 05:01:34,10:13:00
2019-04-13,2019-04-13 18:49:55,2019-04-14 04:59:17,10:09:00
2019-04-14,2019-04-14 18:51:42,2019-04-15 04:57:02,10:05:00
2019-04-15,2019-04-15 18:53:29,2019-04-16 04:54:46,10:01:00
2019-04-16,2019-04-16 18:55:15,2019-04-17 04:52:32,09:57:00
2019-04-17,2019-04-17 18:57:02,2019-04-18 04:50:19,09:53:00
2019-04-18,2019-04-18 18:58:48,2019-04-19 04:48:06,09:49:00
2019-04-19,2019-04-19 19:00:35,2019-04-20 04:45:54,09:45:00
2019-04-20,2019-04-20 19:02:21,2019-04-21 04:43:43,09:41:00
2019-04-21,2019-04-21 19:04:07,2019-04-22 04:41:33,09:37:00
2019-04-22,2019-04-22 19:05:54,2019-04-23 04:39:24,09:34:00
2019-04-23,2019-04-23 19:07:40,2019-04-24 04:37:16,09:30:00
2019-04-24,2019-04-24 19:09:26,2019-04-25 04:35:09,09:26:00
2019-04-25,2019-04-25 19:11:12,2019-04-26 04:33:03,09:22:00
2019-04-26,2019-04-26 19:12:58,2019-04-27 04:30:58,09:18:00
2019-04-27,2019-04-27 19:14:43,2019-04-28 04:28:54,09:14:00
2019-04-28,2019-04-28 19:16:29,2019-04-29 04:26:52,09:10:00
2019-04-29,2019-04-29 19:18:14,2019-04-30 04:24:50,09:07:00
2019-04-30,2019-04-30 19:19:59,2019-05-01 04:22:50,09:03:00
2019-05-01,2019-05-01 19:21:44,2019-05-02 04:20:52,08:59:00
2019-05-02,2019-05-02 19:23:28,2019-05-03 04:18:55,08:55:00
2019-05-03,2019-05-03 19:25:12,2019-05-04 04:16:59,08:52:00
2019-05-04,2019-05-04 19:26:56,2019-05-05 04:15:05,08:48:00
2019-05-05,2019-05-05 19:28:39,2019-05-06 04:13:12,08:45:00
2019-05-06,2019-05-06 19:30:22,2019-05-07 04:11:21,08:41:00
2019-05-07,2019-05-07 19:32:04,2019-05-08 04:09:31,08:37:00
2019-05-08,2019-05-08 19:33:46,2019-05-09 04:07:43,08:34:00
2019-05-09,2019-05-09 19:35:27,2019-05-10 04:05:57,08:31:00
2019-05-10,2019-05-10 19:37:08,2019-05-11 04:04:13,08:27:00
2019-05-11,2019-05-11 19:38:48,2019-05-12 04:02:31,08:24:00
2019-05-12,2019-05-12 19:40:27,2019-05-13 04:00:50,08:20:00
2019-05-13,2019-05-13 19:42:05,2019-05-14 03:59:12,08:17:00
2019-05-14,2019-05-14 19:43:43,2019-05-15 03:57:35,08:14:00
2019-05-15,2019-05-15 19:45:19,2019-05-16 03:56:00,08:11:00
2019-05-16,2019-05-16 19:46:55,2019-05-17 03:54:28,08:08:00
2019-05-17,2019-05-17 19:48:29,2019-05-18 03:52:58,08:04:00
2019-05-18,2019-05-18 19:50:03,2019-05-19 03:51:30,08:01:00
2019-05-19,2019-05-19 19:51:35,2019-05-20 03:50:04,07:58:00
2019-05-20,2019-05-20 19:53:06,2019-05-21 03:48:40,07:56:00
2019-05-21,2019-05-21 19:54:36,2019-05-22 03:47:19,07:53:00
2019-05-22,2019-05-22 19:56:04,2019-05-23 03:46:01,07:50:00
2019-05-23,2019-05-23 19:57:31,2019-05-24 03:44:45,07:47:00
2019-05-24,2019-05-24 19:58:56,2019-05-25 03:43:31,07:45:00
2019-05-25,2019-05-25 20:00:20,2019-05-26 03:42:20,07:42:00
2019-05-26,2019-05-26 20:01:42,2019-05-27 03:41:12,07:39:00
2019-05-27,2019-05-27 20:03:03,2019-05-28 03:40:06,07:37:00
2019-05-28,2019-05-28 20:04:21,2019-05-29 03:39:03,07:35:00
2019-05-29,2019-05-29 20:05:38,2019-05-30 03:38:03,07:32:00
2019-05-30,2019-05-30 20:06:52,2019-05-31 03:37:06,07:30:00
2019-05-31,2019-05-31 20:08:05,2019-06-01 03:36:12,07:28:00
2019-06-01,2019-06-01 20:09:15,2019-06-02 03:35:20,07:26:00
2019-06-02,2019-06-02 20:10:24,2019-06-03 03:34:32,07:24:00
2019-06-03,2019-06-03 20:11:30,2019-06-04 03:33:47,07:22:00
2019-06-04,2019-06-04 20:12:33,2019-06-05 03:33:05,07:21:00
2019-06-05,2019-06-05 20:13:35,2019-06-06 03:32:25,07:19:00
2019-06-06,2019-06-06 20:14:33,2019-06-07 03:31:49,07:17:00
2019-06-07,2019-06-07 20:15:29,2019-06-08 03:31:17,07:16:00
2019-06-08,2019-06-08 20:16:23,2019-06-09 03:30:47,07:14:00
2019-06-09,2019-06-09 20:17:14,2019-06-10 03:30:21,07:13:00
2019-06-10,2019-06-10 20:18:02,2019-06-11 03:29:57,07:12:00
2019-06-11,2019-06-11 20:18:47,2019-06-12 03:29:38,07:11:00
2019-06-12,2019-06-12 20:19:29,2019-06-13 03:29:21,07:10:00
2019-06-13,2019-06-13 20:20:08,2019-06-14 03:29:08,07:09:00
2019-06-14,2019-06-14 20:20:45,2019-06-15 03:28:58,07:08:00
2019-06-15,2019-06-15 20:21:18,2019-06-16 03:28:51,07:08:00
2019-06-16,2019-06-16 20:21:48,2019-06-17 03:28:48,07:07:00
2019-06-17,2019-06-17 20:22:15,2019-06-18 03:28:47,07:07:00
2019-06-18,2019-06-18 20:22:39,2019-06-19 03:28:51,07:06:00
2019-06-19,2019-06-19 20:22:59,2019-06-20 03:28:57,07:06:00
2019-06-20,2019-06-20 20:23:17,2019-06-21 03:29:07,07:06:00
2019-06-21,2019-06-21 20:23:31,2019-06-22 03:29:20,07:06:00
2019-06-22,2019-06-22 20:23:42,2019-06-23 03:29:36,07:06:00
2019-06-23,2019-06-23 20:23:49,2019-06-24 03:29:55,07:06:00
2019-06-24,2019-06-24 20:23:53,2019-06-25 03:30:18,07:06:00
2019-06-25,2019-06-25 20:23:54,2019-06-26 03:30:44,07:07:00
2019-06-26,2019-06-26 20:23:51,2019-06-27 03:31:12,07:07:00
2019-06-27,2019-06-27 20:23:45,2019-06-28 03:31:44,07:08:00
2019-06-28,2019-06-28 20:23:36,2019-06-29 03:32:19,07:09:00
2019-06-29,2019-06-29 20:23:24,2019-06-30 03:32:57,07:10:00
2019-06-30,2019-06-30 20:23:08,2019-07-01 03:33:37,07:10:00
2019-07-01,2019-07-01 20:22:48,2019-07-02 03:34:21,07:12:00
2019-07-02,2019-07-02 20:22:26,2019-07-03 03:35:07,07:13:00
2019-07-03,2019-07-03 20:22:00,2019-07-04 03:35:56,07:14:00
2019-07-04,2019-07-04 20:21:31,2019-07-05 03:36:47,07:15:00
2019-07-05,2019-07-05 20:20:58,2019-07-06 03:37:42,07:17:00
2019-07-06,2019-07-06 20:20:23,2019-07-07 03:38:38,07:18:00
2019-07-07,2019-07-07 20:19:44,2019-07-08 03:39:37,07:20:00
2019-07-08,2019-07-08 20:19:02,2019-07-09 03:40:39,07:22:00
2019-07-09,2019-07-09 20:18:17,2019-07-10 03:41:43,07:23:00
2019-07-10,2019-07-10 20:17:29,2019-07-11 03:42:48,07:25:00
2019-07-11,2019-07-11 20:16:38,2019-07-12 03:43:57,07:27:00
2019-07-12,2019-07-12 20:15:44,2019-07-13 03:45:07,07:29:00
2019-07-13,2019-07-13 20:14:47,2019-07-14 03:46:19,07:32:00
2019-07-14,2019-07-14 20:13:47,2019-07-15 03:47:33,07:34:00
2019-07-15,2019-07-15 20:12:44,2019-07-16 03:48:49,07:36:00
2019-07-16,2019-07-16 20:11:38,2019-07-17 03:50:06,07:38:00
2019-07-17,2019-07-17 20:10:30,2019-07-18 03:51:26,07:41:00
2019-07-18,2019-07-18 20:09:19,2019-07-19 03:52:47,07:43:00
2019-07-19,2019-07-19 20:08:06,2019-07-20 03:54:09,07:46:00
2019-07-20,2019-07-20 20:06:49,2019-07-21 03:55:33,07:49:00
2019-07-21,2019-07-21 20:05:31,2019-07-22 03:56:58,07:51:00
2019-07-22,2019-07-22 20:04:10,2019-07-23 03:58:25,07:54:00
2019-07-23,2019-07-23 20:02:46,2019-07-24 03:59:53,07:57:00
2019-07-24,2019-07-24 20:01:20,2019-07-25 04:01:22,08:00:00
2019-07-25,2019-07-25 19:59:52,2019-07-26 04:02:52,08:03:00
2019-07-26,2019-07-26 19:58:21,2019-07-27 04:04:23,08:06:00
2019-07-27,2019-07-27 19:56:49,2019-07-28 04:05:55,08:09:00
2019-07-28,2019-07-28 19:55:14,2019-07-29 04:07:28,08:12:00
2019-07-29,2019-07-29 19:53:37,2019-07-30 04:09:02,08:15:00
2019-07-30,2019-07-30 19:51:58,2019-07-31 04:10:37,08:19:00
2019-07-31,2019-07-31 19:50:17,2019-08-01 04:12:12,08:22:00
2019-08-01,2019-08-01 19:48:35,2019-08-02 04:13:49,08:25:00
2019-08-02,2019-08-02 19:46:50,2019-08-03 04:15:25,08:29:00
2019-08-03,2019-08-03 19:45:04,2019-08-04 04:17:03,08:32:00
2019-08-04,2019-08-04 19:43:15,2019-08-05 04:18:41,08:35:00
2019-08-05,2019-08-05 19:41:26,2019-08-06 04:20:19,08:39:00
2019-08-06,2019-08-06 19:39:34,2019-08-07 04:21:58,08:42:00
2019-08-07,2019-08-07 19:37:41,2019-08-08 04:23:37,08:46:00
2019-08-08,2019-08-08 19:35:46,2019-08-09 04:25:17,08:50:00
2019-08-09,2019-08-09 19:33:50,2019-08-10 04:26:57,08:53:00
2019-08-10,2019-08-10 19:31:52,2019-08-11 04:28:37,08:57:00
2019-08-11,2019-08-11 19:29:53,2019-08-12 04:30:18,09:00:00
2019-08-12,2019-08-12 19:27:53,2019-08-13 04:31:58,09:04:00
2019-08-13,2019-08-13 19:25:51,2019-08-14 04:33:39,09:08:00
2019-08-14,2019-08-14 19:23:48,2019-08-15 04:35:21,09:12:00
2019-08-15,2019-08-15 19:21:44,2019-08-16 04:37:02,09:15:00
2019-08-16,2019-08-16 19:19:38,2019-08-17 04:38:43,09:19:00
2019-08-17,2019-08-17 19:17:32,2019-08-18 04:40:25,09:23:00
2019-08-18,2019-08-18 19:15:24,2019-08-19 04:42:07,09:27:00
2019-08-19,2019-08-19 19:13:15,2019-08-20 04:43:48,09:31:00
2019-08-20,2019-08-20 19:11:05,2019-08-21 04:45:30,09:34:00
2019-08-21,2019-08-21 19:08:55,2019-08-22 04:47:12,09:38:00
2019-08-22,2019-08-22 19:06:43,2019-08-23 04:48:54,09:42:00
2019-08-23,2019-08-23 19:04:30,2019-08-24 04:50:36,09:46:00
2019-08-24,2019-08-24 19:02:17,2019-08-25 04:52:17,09:50:00
2019-08-25,2019-08-25 19:00:03,2019-08-26 04:53:59,09:54:00
2019-08-26,2019-08-26 18:57:48,2019-08-27 04:55:41,09:58:00
2019-08-27,2019-08-27 18:55:32,2019-08-28 04:57:23,10:02:00
2019-08-28,2019-08-28 18:53:15,2019-08-29 04:59:05,10:06:00
2019-08-29,2019-08-29 18:50:58,2019-08-30 05:00:46,10:10:00
2019-08-30,2019-08-30 18:48:40,2019-08-31 05:02:28,10:14:00
2019-08-31,2019-08-31 18:46:22,2019-09-01 05:04:10,10:18:00
2019-09-01,2019-09-01 18:44:03,2019-09-02 05:05:52,10:22:00
2019-09-02,2019-09-02 18:41:43,2019-09-03 05:07:33,10:26:00
2019-09-03,2019-09-03 18:39:23,2019-09-04 05:09:15,10:30:00
2019-09-04,2019-09-04 18:37:02,2019-09-05 05:10:56,10:34:00
2019-09-05,2019-09-05 18:34:41,2019-09-06 05:12:38,10:38:00
2019-09-06,2019-09-06 18:32:19,2019-09-07 05:14:19,10:42:00
2019-09-07,2019-09-07 18:29:58,2019-09-08 05:16:01,10:46:00
2019-09-08,2019-09-08 18:27:35,2019-09-09 05:17:43,10:50:00
2019-09-09,2019-09-09 18:25:13,2019-09-10 05:19:24,10:54:00
2019-09-10,2019-09-10 18:22:50,2019-09-11 05:21:06,10:58:00
2019-09-11,2019-09-11 18:20:27,2019-09-12 05:22:47,11:02:00
2019-09-12,2019-09-12 18:18:03,2019-09-13 05:24:29,11:06:00
2019-09-13,2019-09-13 18:15:39,2019-09-14 05:26:10,11:11:00
2019-09-14,2019-09-14 18:13:16,2019-09-15 05:27:52,11:15:00
2019-09-15,2019-09-15 18:10:52,2019-09-16 05:29:34,11:19:00
2019-09-16,2019-09-16 18:08:27,2019-09-17 05:31:15,11:23:00
2019-09-17,2019-09-17 18:06:03,2019-09-18 05:32:57,11:27:00
2019-09-18,2019-09-18 18:03:39,2019-09-19 05:34:39,11:31:00
2019-09-19,2019-09-19 18:01:14,2019-09-20 05:36:21,11:35:00
2019-09-20,2019-09-20 17:58:50,2019-09-21 05:38:03,11:39:00
2019-09-21,2019-09-21 17:56:26,2019-09-22 05:39:45,11:43:00
2019-09-22,2019-09-22 17:54:01,2019-09-23 05:41:28,11:47:00
2019-09-23,2019-09-23 17:51:37,2019-09-24 05:43:10,11:52:00
2019-09-24,2019-09-24 17:49:13,2019-09-25 05:44:53,11:56:00
2019-09-25,2019-09-25 17:46:49,2019-09-26 05:46:36,12:00:00
2019-09-26,2019-09-26 17:44:25,2019-09-27 05:48:18,12:04:00
2019-09-27,2019-09-27 17:42:01,2019-09-28 05:50:02,12:08:00
2019-09-28,2019-09-28 17:39:38,2019-09-29 05:51:45,12:12:00
2019-09-29,2019-09-29 17:37:15,2019-09-30 05:53:28,12:16:00
2019-09-30,2019-09-30 17:34:52,2019-10-01 05:55:12,12:20:00
2019-10-01,2019-10-01 17:32:29,2019-10-02 05:56:56,12:24:00
2019-10-02,2019-10-02 17:30:07,2019-10-03 05:58:40,12:29:00
2019-10-03,2019-10-03 17:27:45,2019-10-04 06:00:25,12:33:00
2019-10-04,2019-10-04 17:25:23,2019-10-05 06:02:10,12:37:00
2019-10-05,2019-10-05 17:23:02,2019-10-06 06:03:55,12:41:00
2019-10-06,2019-10-06 17:20:41,2019-10-07 06:05:40,12:45:00
2019-10-07,2019-10-07 17:18:21,2019-10-08 06:07:25,12:49:00
2019-10-08,2019-10-08 17:16:01,2019-10-09 06:09:11,12:53:00
2019-10-09,2019-10-09 17:13:42,2019-10-10 06:10:57,12:57:00
2019-10-10,2019-10-10 17:11:24,2019-10-11 06:12:44,13:01:00
2019-10-11,2019-10-11 17:09:06,2019-10-12 06:14:31,13:05:00
2019-10-12,2019-10-12 17:06:48,2019-10-13 06:16:18,13:09:00
2019-10-13,2019-10-13 17:04:32,2019-10-14 06:18:05,13:14:00
2019-10-14,2019-10-14 17:02:16,2019-10-15 06:19:53,13:18:00
2019-10-15,2019-10-15 17:00:01,2019-10-16 06:21:41,13:22:00
2019-10-16,2019-10-16 16:57:47,2019-10-17 06:23:29,13:26:00
2019-10-17,2019-10-17 16:55:33,2019-10-18 06:25:18,13:30:00
2019-10-18,2019-10-18 16:53:21,2019-10-19 06:27:06,13:34:00
2019-10-19,2019-10-19 16:51:09,2019-10-20 06:28:56,13:38:00
2019-10-20,2019-10-20 16:48:59,2019-10-21 06:30:45,13:42:00
2019-10-21,2019-10-21 16:46:49,2019-10-22 06:32:35,13:46:00
2019-10-22,2019-10-22 16:44:41,2019-10-23 06:34:25,13:50:00
2019-10-23,2019-10-23 16:42:33,2019-10-24 06:36:15,13:54:00
2019-10-24,2019-10-24 16:40:27,2019-10-25 06:38:06,13:58:00
2019-10-25,2019-10-25 16:38:22,2019-10-26 06:39:57,14:02:00
2019-10-26,2019-10-26 16:36:18,2019-10-27 06:41:48,14:06:00
2019-10-27,2019-10-27 16:34:15,2019-10-28 06:43:39,14:09:00
2019-10-28,2019-10-28 16:32:14,2019-10-29 06:45:31,14:13:00
2019-10-29,2019-10-29 16:30:14,2019-10-30 06:47:22,14:17:00
2019-10-30,2019-10-30 16:28:15,2019-10-31 06:49:14,14:21:00
2019-10-31,2019-10-31 16:26:18,2019-11-01 06:51:06,14:25:00
2019-11-01,2019-11-01 16:24:23,2019-11-02 06:52:58,14:29:00
2019-11-02,2019-11-02 16:22:29,2019-11-03 06:54:50,14:32:00
2019-11-03,2019-11-03 16:20:36,2019-11-04 06:56:42,14:36:00
2019-11-04,2019-11-04 16:18:45,2019-11-05 06:58:34,14:40:00
2019-11-05,2019-11-05 16:16:56,2019-11-06 07:00:26,14:43:00
2019-11-06,2019-11-06 16:15:09,2019-11-07 07:02:17,14:47:00
2019-11-07,2019-11-07 16:13:24,2019-11-08 07:04:09,14:51:00
2019-11-08,2019-11-08 16:11:40,2019-11-09 07:06:00,14:54:00
2019-11-09,2019-11-09 16:09:58,2019-11-10 07:07:52,14:58:00
2019-11-10,2019-11-10 16:08:19,2019-11-11 07:09:42,15:01:00
2019-11-11,2019-11-11 16:06:41,2019-11-12 07:11:33,15:05:00
2019-11-12,2019-11-12 16:05:06,2019-11-13 07:13:23,15:08:00
2019-11-13,2019-11-13 16:03:32,2019-11-14 07:15:13,15:12:00
2019-11-14,2019-11-14 16:02:01,2019-11-15 07:17:02,15:15:00
2019-11-15,2019-11-15 16:00:32,2019-11-16 07:18:50,15:18:00
2019-11-16,2019-11-16 15:59:06,2019-11-17 07:20:38,15:22:00
2019-11-17,2019-11-17 15:57:42,2019-11-18 07:22:24,15:25:00
2019-11-18,2019-11-18 15:56:20,2019-11-19 07:24:11,15:28:00
2019-11-19,2019-11-19 15:55:01,2019-11-20 07:25:56,15:31:00
2019-11-20,2019-11-20 15:53:44,2019-11-21 07:27:40,15:34:00
2019-11-21,2019-11-21 15:52:30,2019-11-22 07:29:23,15:37:00
2019-11-22,2019-11-22 15:51:19,2019-11-23 07:31:05,15:40:00
2019-11-23,2019-11-23 15:50:10,2019-11-24 07:32:46,15:43:00
2019-11-24,2019-11-24 15:49:05,2019-11-25 07:34:25,15:45:00
2019-11-25,2019-11-25 15:48:02,2019-11-26 07:36:03,15:48:00
2019-11-26,2019-11-26 15:47:02,2019-11-27 07:37:40,15:51:00
2019-11-27,2019-11-27 15:46:05,2019-11-28 07:39:15,15:53:00
2019-11-28,2019-11-28 15:45:11,2019-11-29 07:40:48,15:56:00
2019-11-29,2019-11-29 15:44:21,2019-11-30 07:42:19,15:58:00
2019-11-30,2019-11-30 15:43:33,2019-12-01 07:43:49,16:00:00
2019-12-01,2019-12-01 15:42:48,2019-12-02 07:45:16,16:02:00
2019-12-02,2019-12-02 15:42:07,2019-12-03 07:46:42,16:05:00
2019-12-03,2019-12-03 15:41:29,2019-12-04 07:48:05,16:07:00
2019-12-04,2019-12-04 15:40:55,2019-12-05 07:49:26,16:09:00
2019-12-05,2019-12-05 15:40:24,2019-12-06 07:50:45,16:10:00
2019-12-06,2019-12-06 15:39:56,2019-12-07 07:52:02,16:12:00
2019-12-07,2019-12-07 15:39:32,2019-12-08 07:53:15,16:14:00
2019-12-08,2019-12-08 15:39:11,2019-12-09 07:54:27,16:15:00
2019-12-09,2019-12-09 15:38:54,2019-12-10 07:55:35,16:17:00
2019-12-10,2019-12-10 15:38:40,2019-12-11 07:56:41,16:18:00
2019-12-11,2019-12-11 15:38:30,2019-12-12 07:57:44,16:19:00
2019-12-12,2019-12-12 15:38:24,2019-12-13 07:58:44,16:20:00
2019-12-13,2019-12-13 15:38:21,2019-12-14 07:59:41,16:21:00
2019-12-14,2019-12-14 15:38:22,2019-12-15 08:00:35,16:22:00
2019-12-15,2019-12-15 15:38:26,2019-12-16 08:01:26,16:23:00
2019-12-16,2019-12-16 15:38:34,2019-12-17 08:02:14,16:24:00
2019-12-17,2019-12-17 15:38:46,2019-12-18 08:02:58,16:24:00
2019-12-18,2019-12-18 15:39:01,2019-12-19 08:03:39,16:25:00
2019-12-19,2019-12-19 15:39:20,2019-12-20 08:04:17,16:25:00
2019-12-20,2019-12-20 15:39:43,2019-12-21 08:04:52,16:25:00
2019-12-21,2019-12-21 15:40:09,2019-12-22 08:05:23,16:25:00
2019-12-22,2019-12-22 15:40:39,2019-12-23 08:05:50,16:25:00
2019-12-23,2019-12-23 15:41:12,2019-12-24 08:06:14,16:25:00
2019-12-24,2019-12-24 15:41:48,2019-12-25 08:06:34,16:25:00
2019-12-25,2019-12-25 15:42:29,2019-12-26 08:06:51,16:24:00
2019-12-26,2019-12-26 15:43:12,2019-12-27 08:07:04,16:24:00
2019-12-27,2019-12-27 15:43:59,2019-12-28 08:07:14,16:23:00
2019-12-28,2019-12-28 15:44:49,2019-12-29 08:07:20,16:23:00
2019-12-29,2019-12-29 15:45:42,2019-12-30 08:07:23,16:22:00
2019-12-30,2019-12-30 15:46:39,2019-12-31 08:07:22,16:21:00
